letter,start,letterName,title,sending,timespan,end,senderName
https://yashiro.itatti.harvard.edu/resource/yashiro/letter/Letter_001,19231110,letter_001,Yashiro (in Paris) to Mary Berenson,https://yashiro.itatti.harvard.edu/resource/yashiro/letter/Letter_001/exchange/sending,https://yashiro.itatti.harvard.edu/resource/yashiro/letter/Letter_001/exchange/sending/timespan/95XDADF7,1923-11-10,Yashiro
https://yashiro.itatti.harvard.edu/resource/yashiro/letter/Letter_002,19240110,letter_002,Yashiro (in London) to Mary Berenson,https://yashiro.itatti.harvard.edu/resource/yashiro/letter/Letter_002/exchange/sending,https://yashiro.itatti.harvard.edu/resource/yashiro/letter/Letter_002/exchange/sending/timespan/QUHWB66J,1924-01-10,Yashiro
https://yashiro.itatti.harvard.edu/resource/yashiro/letter/Letter_003,19240111,letter_003,Yashiro (in London) to Mary Berenson ,https://yashiro.itatti.harvard.edu/resource/yashiro/letter/Letter_003/exchange/sending,https://yashiro.itatti.harvard.edu/resource/yashiro/letter/Letter_003/exchange/sending/timespan/QKFX8K39,1924-01-11,Yashiro
https://yashiro.itatti.harvard.edu/resource/yashiro/letter/Letter_004,19240210,letter_004,Yashiro (in Milan) to Mary Berenson,https://yashiro.itatti.harvard.edu/resource/yashiro/letter/Letter_004/exchange/sending,https://yashiro.itatti.harvard.edu/resource/yashiro/letter/Letter_004/exchange/sending/timespan/3CGQ9SV6,1924-02-10,Yashiro
https://yashiro.itatti.harvard.edu/resource/yashiro/letter/Letter_005,19240611,letter_005,Yashiro (in Florence) to Bernard and Mary Berenson,https://yashiro.itatti.harvard.edu/resource/yashiro/letter/Letter_005/exchange/sending,https://yashiro.itatti.harvard.edu/resource/yashiro/letter/Letter_005/exchange/sending/timespan/Y6LQRPH9,1924-06-11,Yashiro
https://yashiro.itatti.harvard.edu/resource/yashiro/letter/Letter_006,19240721,letter_006,Yashiro (in Abetone) to Bernard and Mary Berenson,https://yashiro.itatti.harvard.edu/resource/yashiro/letter/Letter_006/exchange/sending,https://yashiro.itatti.harvard.edu/resource/yashiro/letter/Letter_006/exchange/sending/timespan/Q8DCPFQ7,1924-07-21,Yashiro
https://yashiro.itatti.harvard.edu/resource/yashiro/letter/Letter_007,19240817,letter_007,Yashiro (in London) to Bernard and Mary Berenson,https://yashiro.itatti.harvard.edu/resource/yashiro/letter/Letter_007/exchange/sending,https://yashiro.itatti.harvard.edu/resource/yashiro/letter/Letter_007/exchange/sending/timespan/YASF8PVW,1924-08-17,Yashiro
https://yashiro.itatti.harvard.edu/resource/yashiro/letter/Letter_008,19240822,letter_008,Yashiro (in London) to Bernard Berenson,https://yashiro.itatti.harvard.edu/resource/yashiro/letter/Letter_008/exchange/sending,https://yashiro.itatti.harvard.edu/resource/yashiro/letter/Letter_008/exchange/sending/timespan/TQ2CE9FT,1924-08-22,Yashiro
https://yashiro.itatti.harvard.edu/resource/yashiro/letter/Letter_009,19240825,letter_009,Yashiro (in London) to Mary Berenson,https://yashiro.itatti.harvard.edu/resource/yashiro/letter/Letter_009/exchange/sending,https://yashiro.itatti.harvard.edu/resource/yashiro/letter/Letter_009/exchange/sending/timespan/GM48NAEV,1924-08-25,Yashiro
https://yashiro.itatti.harvard.edu/resource/yashiro/letter/Letter_010,19240909,letter_010,Yashiro (in London) to Mary Berenson,https://yashiro.itatti.harvard.edu/resource/yashiro/letter/Letter_010/exchange/sending,https://yashiro.itatti.harvard.edu/resource/yashiro/letter/Letter_010/exchange/sending/timespan/4BU3UASZ,1924-09-09,Yashiro
https://yashiro.itatti.harvard.edu/resource/yashiro/letter/Letter_011,19241105,letter_011,Yashiro (in London) to Bernard and Mary Berenson,https://yashiro.itatti.harvard.edu/resource/yashiro/letter/Letter_011/exchange/sending,https://yashiro.itatti.harvard.edu/resource/yashiro/letter/Letter_011/exchange/sending/timespan/MDA6RQDB,1924-11-05,Yashiro
https://yashiro.itatti.harvard.edu/resource/yashiro/letter/Letter_012,19241215,letter_012,Yashiro (in London) to Mary Berenson,https://yashiro.itatti.harvard.edu/resource/yashiro/letter/Letter_012/exchange/sending,https://yashiro.itatti.harvard.edu/resource/yashiro/letter/Letter_012/exchange/sending/timespan/ZRMFTLHR,1924-12-15,Yashiro
https://yashiro.itatti.harvard.edu/resource/yashiro/letter/Letter_013,19250102,letter_013,Yashiro (in Boston) to Bernard and Mary Berenson,https://yashiro.itatti.harvard.edu/resource/yashiro/letter/Letter_013/exchange/sending,https://yashiro.itatti.harvard.edu/resource/yashiro/letter/Letter_013/exchange/sending/timespan/MUCFXCJS,1925-01-02,Yashiro
https://yashiro.itatti.harvard.edu/resource/yashiro/letter/Letter_014,19271004,letter_014,Yashiro (in London) to Bernard and Mary Berenson,https://yashiro.itatti.harvard.edu/resource/yashiro/letter/Letter_014/exchange/sending,https://yashiro.itatti.harvard.edu/resource/yashiro/letter/Letter_014/exchange/sending/timespan/PC67VPVU,1927-10-04,Yashiro
https://yashiro.itatti.harvard.edu/resource/yashiro/letter/Letter_015,19280217,letter_015,Yashiro (in Florence) to Bernard Berenson,https://yashiro.itatti.harvard.edu/resource/yashiro/letter/Letter_015/exchange/sending,https://yashiro.itatti.harvard.edu/resource/yashiro/letter/Letter_015/exchange/sending/timespan/8M3JSNMW,1928-02-17,Yashiro
https://yashiro.itatti.harvard.edu/resource/yashiro/letter/Letter_016,19280418,letter_016,Yashiro (in Helsinki) to Bernard Berenson,https://yashiro.itatti.harvard.edu/resource/yashiro/letter/Letter_016/exchange/sending,https://yashiro.itatti.harvard.edu/resource/yashiro/letter/Letter_016/exchange/sending/timespan/XAV9BF73,1928-04-18,Yashiro
https://yashiro.itatti.harvard.edu/resource/yashiro/letter/Letter_017,19280801,letter_017,Yashiro (in Tokyo) to Bernard Berenson,https://yashiro.itatti.harvard.edu/resource/yashiro/letter/Letter_017/exchange/sending,https://yashiro.itatti.harvard.edu/resource/yashiro/letter/Letter_017/exchange/sending/timespan/3URQ9VNL,1928-08-01,Yashiro
https://yashiro.itatti.harvard.edu/resource/yashiro/letter/Letter_018,19330714,letter_018,Yashiro (in Tokyo) to Bernard Berenson,https://yashiro.itatti.harvard.edu/resource/yashiro/letter/Letter_018/exchange/sending,https://yashiro.itatti.harvard.edu/resource/yashiro/letter/Letter_018/exchange/sending/timespan/9EWXWV24,1933-07-14,Yashiro
https://yashiro.itatti.harvard.edu/resource/yashiro/letter/Letter_019,19330804,letter_019,Bernard Berenson (in Consuma) to Yashiro,https://yashiro.itatti.harvard.edu/resource/yashiro/letter/Letter_019/exchange/sending,https://yashiro.itatti.harvard.edu/resource/yashiro/letter/Letter_019/exchange/sending/timespan/X2YJFKTY,1933-08-04,Bernard Berenson
https://yashiro.itatti.harvard.edu/resource/yashiro/letter/Letter_020,19330906,letter_020,Yashiro (in Tokyo) to Bernard Berenson,https://yashiro.itatti.harvard.edu/resource/yashiro/letter/Letter_020/exchange/sending,https://yashiro.itatti.harvard.edu/resource/yashiro/letter/Letter_020/exchange/sending/timespan/QH744JHX,1933-09-06,Yashiro
https://yashiro.itatti.harvard.edu/resource/yashiro/letter/Letter_021,19331010,letter_021,Bernard Berenson (in Settignano) to Yashiro,https://yashiro.itatti.harvard.edu/resource/yashiro/letter/Letter_021/exchange/sending,https://yashiro.itatti.harvard.edu/resource/yashiro/letter/Letter_021/exchange/sending/timespan/QCE4PMVY,1933-10-10,Bernard Berenson
https://yashiro.itatti.harvard.edu/resource/yashiro/letter/Letter_022,19331229,letter_022,Bernard Berenson (in Settignano) to Yashiro,https://yashiro.itatti.harvard.edu/resource/yashiro/letter/Letter_022/exchange/sending,https://yashiro.itatti.harvard.edu/resource/yashiro/letter/Letter_022/exchange/sending/timespan/Z2XJ3PF5,1933-12-29,Bernard Berenson
https://yashiro.itatti.harvard.edu/resource/yashiro/letter/Letter_023,19350107,letter_023,Yashiro (in Tokyo) to Bernard Berenson,https://yashiro.itatti.harvard.edu/resource/yashiro/letter/Letter_023/exchange/sending,https://yashiro.itatti.harvard.edu/resource/yashiro/letter/Letter_023/exchange/sending/timespan/QSLWFH2R,1935-01-07,Yashiro
https://yashiro.itatti.harvard.edu/resource/yashiro/letter/Letter_024,19360120,letter_024,Yashiro (in Paris) to Bernard Berenson,https://yashiro.itatti.harvard.edu/resource/yashiro/letter/Letter_024/exchange/sending,https://yashiro.itatti.harvard.edu/resource/yashiro/letter/Letter_024/exchange/sending/timespan/ELRMXUPF,1936-01-20,Yashiro
https://yashiro.itatti.harvard.edu/resource/yashiro/letter/Letter_025,19360131,letter_025,Bernard Berenson (in Settignano) to Yashiro,https://yashiro.itatti.harvard.edu/resource/yashiro/letter/Letter_025/exchange/sending,https://yashiro.itatti.harvard.edu/resource/yashiro/letter/Letter_025/exchange/sending/timespan/CUV4DBK3,1936-01-31,Bernard Berenson
https://yashiro.itatti.harvard.edu/resource/yashiro/letter/Letter_026,19360326,letter_026,Yashiro (in Tokyo) to Bernard Berenson,https://yashiro.itatti.harvard.edu/resource/yashiro/letter/Letter_026/exchange/sending,https://yashiro.itatti.harvard.edu/resource/yashiro/letter/Letter_026/exchange/sending/timespan/79J6FCG9,1936-03-26,Yashiro
https://yashiro.itatti.harvard.edu/resource/yashiro/letter/Letter_027,19370901,letter_027,Bernard Berenson (in Settignano) to Yashiro,https://yashiro.itatti.harvard.edu/resource/yashiro/letter/Letter_027/exchange/sending,https://yashiro.itatti.harvard.edu/resource/yashiro/letter/Letter_027/exchange/sending/timespan/HUP5XC93,1937-09-01,Bernard Berenson
https://yashiro.itatti.harvard.edu/resource/yashiro/letter/Letter_028,19370927,letter_028,Yashiro (in Tokyo) to Bernard Berenson,https://yashiro.itatti.harvard.edu/resource/yashiro/letter/Letter_028/exchange/sending,https://yashiro.itatti.harvard.edu/resource/yashiro/letter/Letter_028/exchange/sending/timespan/WTE63PGN,1937-09-27,Yashiro
https://yashiro.itatti.harvard.edu/resource/yashiro/letter/Letter_029,19380928,letter_029,Yashiro (in Tokyo) to Bernard Berenson,https://yashiro.itatti.harvard.edu/resource/yashiro/letter/Letter_029/exchange/sending,https://yashiro.itatti.harvard.edu/resource/yashiro/letter/Letter_029/exchange/sending/timespan/E9J5P7PP,1938-09-28,Yashiro
https://yashiro.itatti.harvard.edu/resource/yashiro/letter/Letter_030,19400130,letter_030,Yashiro (in Tokyo) to Bernard Berenson,https://yashiro.itatti.harvard.edu/resource/yashiro/letter/Letter_030/exchange/sending,https://yashiro.itatti.harvard.edu/resource/yashiro/letter/Letter_030/exchange/sending/timespan/F2DSN9N2,1940-01-30,Yashiro
https://yashiro.itatti.harvard.edu/resource/yashiro/letter/Letter_031,19400304,letter_031,Bernard Berenson (in Settignano) to Yashiro,https://yashiro.itatti.harvard.edu/resource/yashiro/letter/Letter_031/exchange/sending,https://yashiro.itatti.harvard.edu/resource/yashiro/letter/Letter_031/exchange/sending/timespan/E3QHW4BZ,1940-03-04,Bernard Berenson
https://yashiro.itatti.harvard.edu/resource/yashiro/letter/Letter_032,19400423,letter_032,Bernard Berenson (in Settignano) to Yashiro,https://yashiro.itatti.harvard.edu/resource/yashiro/letter/Letter_032/exchange/sending,https://yashiro.itatti.harvard.edu/resource/yashiro/letter/Letter_032/exchange/sending/timespan/PDUBMVM6,1940-04-22,Bernard Berenson
https://yashiro.itatti.harvard.edu/resource/yashiro/letter/Letter_033,19400523,letter_033,Yashiro (in Tokyo) to Bernard Berenson,https://yashiro.itatti.harvard.edu/resource/yashiro/letter/Letter_033/exchange/sending,https://yashiro.itatti.harvard.edu/resource/yashiro/letter/Letter_033/exchange/sending/timespan/K7Q3RSPF,1940-05-23,Yashiro
https://yashiro.itatti.harvard.edu/resource/yashiro/letter/Letter_034,19401217,letter_034,Yashiro (in Tokyo) to Bernard Berenson,https://yashiro.itatti.harvard.edu/resource/yashiro/letter/Letter_034/exchange/sending,https://yashiro.itatti.harvard.edu/resource/yashiro/letter/Letter_034/exchange/sending/timespan/4S7FWZTR,1940-12-17,Yashiro
https://yashiro.itatti.harvard.edu/resource/yashiro/letter/Letter_035,19420913,letter_035,Bernard Berenson (in Settignano) to Yashiro,https://yashiro.itatti.harvard.edu/resource/yashiro/letter/Letter_035/exchange/sending,https://yashiro.itatti.harvard.edu/resource/yashiro/letter/Letter_035/exchange/sending/timespan/VGWKJBKZ,1942-09-13,Bernard Berenson
https://yashiro.itatti.harvard.edu/resource/yashiro/letter/Letter_036,19480509,letter_036,Yashiro (in Oiso) to Bernard Berenson,https://yashiro.itatti.harvard.edu/resource/yashiro/letter/Letter_036/exchange/sending,https://yashiro.itatti.harvard.edu/resource/yashiro/letter/Letter_036/exchange/sending/timespan/NMVMKGFD,1948-05-09,Yashiro
https://yashiro.itatti.harvard.edu/resource/yashiro/letter/Letter_037,19480711,letter_037,Bernard Berenson (in Settignano) to Yashiro,https://yashiro.itatti.harvard.edu/resource/yashiro/letter/Letter_037/exchange/sending,https://yashiro.itatti.harvard.edu/resource/yashiro/letter/Letter_037/exchange/sending/timespan/CQNN2T87,1948-07-11,Bernard Berenson
https://yashiro.itatti.harvard.edu/resource/yashiro/letter/Letter_038,19480815,letter_038,Bernard Berenson (in Settignano) to Yashiro,https://yashiro.itatti.harvard.edu/resource/yashiro/letter/Letter_038/exchange/sending,https://yashiro.itatti.harvard.edu/resource/yashiro/letter/Letter_038/exchange/sending/timespan/WEXUK9LB,1948-08-15,Bernard Berenson
https://yashiro.itatti.harvard.edu/resource/yashiro/letter/Letter_039,19481202,letter_039,Yashiro (in Oiso) to Bernard Berenson,https://yashiro.itatti.harvard.edu/resource/yashiro/letter/Letter_039/exchange/sending,https://yashiro.itatti.harvard.edu/resource/yashiro/letter/Letter_039/exchange/sending/timespan/YDS9ADMK,1948-12-02,Yashiro
https://yashiro.itatti.harvard.edu/resource/yashiro/letter/Letter_040,19490501,letter_040,Bernard Berenson (in Settignano) to Yashiro,https://yashiro.itatti.harvard.edu/resource/yashiro/letter/Letter_040/exchange/sending,https://yashiro.itatti.harvard.edu/resource/yashiro/letter/Letter_040/exchange/sending/timespan/V55MEPKB,1949-04-30,Bernard Berenson
https://yashiro.itatti.harvard.edu/resource/yashiro/letter/Letter_041,19491212,letter_041,Yashiro (in Oiso) to Bernard Berenson,https://yashiro.itatti.harvard.edu/resource/yashiro/letter/Letter_041/exchange/sending,https://yashiro.itatti.harvard.edu/resource/yashiro/letter/Letter_041/exchange/sending/timespan/RL9CQX2S,1949-12-12,Yashiro
https://yashiro.itatti.harvard.edu/resource/yashiro/letter/Letter_042,19500719,letter_042,Yashiro (in Oiso) to Bernard Berenson,https://yashiro.itatti.harvard.edu/resource/yashiro/letter/Letter_042/exchange/sending,https://yashiro.itatti.harvard.edu/resource/yashiro/letter/Letter_042/exchange/sending/timespan/K2C4Y5K9,1950-07-19,Yashiro
https://yashiro.itatti.harvard.edu/resource/yashiro/letter/Letter_043,19500928,letter_043,Bernard Berenson (in Vallombrosa) to Yashiro,https://yashiro.itatti.harvard.edu/resource/yashiro/letter/Letter_043/exchange/sending,https://yashiro.itatti.harvard.edu/resource/yashiro/letter/Letter_043/exchange/sending/timespan/P4QGUDYN,1950-09-28,Bernard Berenson
https://yashiro.itatti.harvard.edu/resource/yashiro/letter/Letter_044,19510416,letter_044,Yashiro (in Oiso) to Bernard Berenson,https://yashiro.itatti.harvard.edu/resource/yashiro/letter/Letter_044/exchange/sending,https://yashiro.itatti.harvard.edu/resource/yashiro/letter/Letter_044/exchange/sending/timespan/F4TMZRQU,1951-04-16,Yashiro
https://yashiro.itatti.harvard.edu/resource/yashiro/letter/Letter_045,19510615,letter_045,Bernard Berenson (in Turin) to Yashiro,https://yashiro.itatti.harvard.edu/resource/yashiro/letter/Letter_045/exchange/sending,https://yashiro.itatti.harvard.edu/resource/yashiro/letter/Letter_045/exchange/sending/timespan/PADFE3XQ,1951-06-15,Bernard Berenson
https://yashiro.itatti.harvard.edu/resource/yashiro/letter/Letter_046,19510923,letter_046,Yashiro (in Oiso) to Bernard Berenson,https://yashiro.itatti.harvard.edu/resource/yashiro/letter/Letter_046/exchange/sending,https://yashiro.itatti.harvard.edu/resource/yashiro/letter/Letter_046/exchange/sending/timespan/SQB74GER,1951-09-23,Yashiro
https://yashiro.itatti.harvard.edu/resource/yashiro/letter/Letter_047,19511007,letter_047,Bernard Berenson (in Ischia) to Yashiro,https://yashiro.itatti.harvard.edu/resource/yashiro/letter/Letter_047/exchange/sending,https://yashiro.itatti.harvard.edu/resource/yashiro/letter/Letter_047/exchange/sending/timespan/KGBJWGN7,1951-10-07,Bernard Berenson
https://yashiro.itatti.harvard.edu/resource/yashiro/letter/Letter_048,19511114,letter_048,Yashiro (in London) to Bernard Berenson,https://yashiro.itatti.harvard.edu/resource/yashiro/letter/Letter_048/exchange/sending,https://yashiro.itatti.harvard.edu/resource/yashiro/letter/Letter_048/exchange/sending/timespan/GXX6K7UB,1951-11-14,Yashiro
https://yashiro.itatti.harvard.edu/resource/yashiro/letter/Letter_049,19511118,letter_049,Bernard Berenson (in Settignano) to Yashiro,https://yashiro.itatti.harvard.edu/resource/yashiro/letter/Letter_049/exchange/sending,https://yashiro.itatti.harvard.edu/resource/yashiro/letter/Letter_049/exchange/sending/timespan/NX33QCSS,1951-11-18,Bernard Berenson
https://yashiro.itatti.harvard.edu/resource/yashiro/letter/Letter_050,19520106,letter_050,Yashiro (in Settignano) to Bernard Berenson,https://yashiro.itatti.harvard.edu/resource/yashiro/letter/Letter_050/exchange/sending,https://yashiro.itatti.harvard.edu/resource/yashiro/letter/Letter_050/exchange/sending/timespan/RF7WHWJT,1952-01-06,Yashiro
https://yashiro.itatti.harvard.edu/resource/yashiro/letter/Letter_051,19520122,letter_051,Yashiro (in Paris) to Bernard Berenson,https://yashiro.itatti.harvard.edu/resource/yashiro/letter/Letter_051/exchange/sending,https://yashiro.itatti.harvard.edu/resource/yashiro/letter/Letter_051/exchange/sending/timespan/AW6H4A9C,1952-01-22,Yashiro
https://yashiro.itatti.harvard.edu/resource/yashiro/letter/Letter_052,19520309,letter_052,Yashiro (in Washington DC) to Bernard Berenson,https://yashiro.itatti.harvard.edu/resource/yashiro/letter/Letter_052/exchange/sending,https://yashiro.itatti.harvard.edu/resource/yashiro/letter/Letter_052/exchange/sending/timespan/3QQG2L3L,1952-03-09,Yashiro
https://yashiro.itatti.harvard.edu/resource/yashiro/letter/Letter_053,19520602,letter_053,Yashiro (in Tokyo) to Bernard Berenson,https://yashiro.itatti.harvard.edu/resource/yashiro/letter/Letter_053/exchange/sending,https://yashiro.itatti.harvard.edu/resource/yashiro/letter/Letter_053/exchange/sending/timespan/GXTEV28W,1952-06-02,Yashiro
https://yashiro.itatti.harvard.edu/resource/yashiro/letter/Letter_054,19521030,letter_054,Yashiro (in Oiso) to Bernard Berenson,https://yashiro.itatti.harvard.edu/resource/yashiro/letter/Letter_054/exchange/sending,https://yashiro.itatti.harvard.edu/resource/yashiro/letter/Letter_054/exchange/sending/timespan/ZADY7NYR,1952-10-30,Yashiro
https://yashiro.itatti.harvard.edu/resource/yashiro/letter/Letter_055,19521107,letter_055,Bernard Berenson (in Rome) to Yashiro,https://yashiro.itatti.harvard.edu/resource/yashiro/letter/Letter_055/exchange/sending,https://yashiro.itatti.harvard.edu/resource/yashiro/letter/Letter_055/exchange/sending/timespan/U2638VVB,1952-11-07,Bernard Berenson
https://yashiro.itatti.harvard.edu/resource/yashiro/letter/Letter_056,19521116,letter_056,Yashiro (in Tokyo) to Bernard Berenson,https://yashiro.itatti.harvard.edu/resource/yashiro/letter/Letter_056/exchange/sending,https://yashiro.itatti.harvard.edu/resource/yashiro/letter/Letter_056/exchange/sending/timespan/84GQR8AZ,1952-11-16,Yashiro
https://yashiro.itatti.harvard.edu/resource/yashiro/letter/Letter_057,19521128,letter_057,Yashiro (in Oiso) to Bernard Berenson,https://yashiro.itatti.harvard.edu/resource/yashiro/letter/Letter_057/exchange/sending,https://yashiro.itatti.harvard.edu/resource/yashiro/letter/Letter_057/exchange/sending/timespan/VGZF5TFR,1952-11-28,Yashiro
https://yashiro.itatti.harvard.edu/resource/yashiro/letter/Letter_058,19521215,letter_058,Bernard Berenson (in Settignano) to Yashiro,https://yashiro.itatti.harvard.edu/resource/yashiro/letter/Letter_058/exchange/sending,https://yashiro.itatti.harvard.edu/resource/yashiro/letter/Letter_058/exchange/sending/timespan/E8BDX3TR,1952-12-15,Bernard Berenson
https://yashiro.itatti.harvard.edu/resource/yashiro/letter/Letter_059,19521229,letter_059,Bernard Berenson (in Settignano) to Yashiro,https://yashiro.itatti.harvard.edu/resource/yashiro/letter/Letter_059/exchange/sending,https://yashiro.itatti.harvard.edu/resource/yashiro/letter/Letter_059/exchange/sending/timespan/WPBKWJTR,1952-12-29,Bernard Berenson
https://yashiro.itatti.harvard.edu/resource/yashiro/letter/Letter_060,19530122,letter_060,Bernard Berenson (in Settignano) to Yashiro,https://yashiro.itatti.harvard.edu/resource/yashiro/letter/Letter_060/exchange/sending,https://yashiro.itatti.harvard.edu/resource/yashiro/letter/Letter_060/exchange/sending/timespan/8SYM2K3N,1953-01-22,Bernard Berenson
https://yashiro.itatti.harvard.edu/resource/yashiro/letter/Letter_061,19530407,letter_061,Yashiro (in Boston) to Bernard Berenson,https://yashiro.itatti.harvard.edu/resource/yashiro/letter/Letter_061/exchange/sending,https://yashiro.itatti.harvard.edu/resource/yashiro/letter/Letter_061/exchange/sending/timespan/BX8RABMN,1953-04-07,Yashiro
https://yashiro.itatti.harvard.edu/resource/yashiro/letter/Letter_062,19530410,letter_062,Bernard Berenson (in Settignano) to Yashiro,https://yashiro.itatti.harvard.edu/resource/yashiro/letter/Letter_062/exchange/sending,https://yashiro.itatti.harvard.edu/resource/yashiro/letter/Letter_062/exchange/sending/timespan/HTPMEAWT,1953-04-10,Bernard Berenson
https://yashiro.itatti.harvard.edu/resource/yashiro/letter/Letter_063,19530528,letter_063,Yashiro (in Oiso) to Bernard Berenson,https://yashiro.itatti.harvard.edu/resource/yashiro/letter/Letter_063/exchange/sending,https://yashiro.itatti.harvard.edu/resource/yashiro/letter/Letter_063/exchange/sending/timespan/2HYEQUL6,1953-05-28,Yashiro
https://yashiro.itatti.harvard.edu/resource/yashiro/letter/Letter_064,19530608,letter_064,Bernard Berenson (in Palermo) to Yashiro,https://yashiro.itatti.harvard.edu/resource/yashiro/letter/Letter_064/exchange/sending,https://yashiro.itatti.harvard.edu/resource/yashiro/letter/Letter_064/exchange/sending/timespan/MUCXWXHS,1953-06-08,Bernard Berenson
https://yashiro.itatti.harvard.edu/resource/yashiro/letter/Letter_065,19531008,letter_065,Yashiro (in Oiso) to Bernard Berenson,https://yashiro.itatti.harvard.edu/resource/yashiro/letter/Letter_065/exchange/sending,https://yashiro.itatti.harvard.edu/resource/yashiro/letter/Letter_065/exchange/sending/timespan/MMDTR5WP,1953-10-08,Yashiro
https://yashiro.itatti.harvard.edu/resource/yashiro/letter/Letter_066,19531022,letter_066,Bernard Berenson (in Settignano) to Yashiro,https://yashiro.itatti.harvard.edu/resource/yashiro/letter/Letter_066/exchange/sending,https://yashiro.itatti.harvard.edu/resource/yashiro/letter/Letter_066/exchange/sending/timespan/AK225GLE,1953-10-22,Bernard Berenson
https://yashiro.itatti.harvard.edu/resource/yashiro/letter/Letter_067,19540305,letter_067,Yashiro (in Oiso) to Bernard Berenson,https://yashiro.itatti.harvard.edu/resource/yashiro/letter/Letter_067/exchange/sending,https://yashiro.itatti.harvard.edu/resource/yashiro/letter/Letter_067/exchange/sending/timespan/459YNDZJ,1954-03-05,Yashiro
https://yashiro.itatti.harvard.edu/resource/yashiro/letter/Letter_068,19540411,letter_068,Yashiro (in Oiso) to Bernard Berenson,https://yashiro.itatti.harvard.edu/resource/yashiro/letter/Letter_068/exchange/sending,https://yashiro.itatti.harvard.edu/resource/yashiro/letter/Letter_068/exchange/sending/timespan/ZM684EW5,1954-04-11,Yashiro
https://yashiro.itatti.harvard.edu/resource/yashiro/letter/Letter_069,19540420,letter_069,Bernard Berenson (in Settignano) to Yashiro,https://yashiro.itatti.harvard.edu/resource/yashiro/letter/Letter_069/exchange/sending,https://yashiro.itatti.harvard.edu/resource/yashiro/letter/Letter_069/exchange/sending/timespan/TCZJ4HX2,1954-04-20,Bernard Berenson
https://yashiro.itatti.harvard.edu/resource/yashiro/letter/Letter_070,19541125,letter_070,Bernard Berenson (in Settignano) to Yashiro,https://yashiro.itatti.harvard.edu/resource/yashiro/letter/Letter_070/exchange/sending,https://yashiro.itatti.harvard.edu/resource/yashiro/letter/Letter_070/exchange/sending/timespan/GWAN54VW,1954-11-25,Bernard Berenson
https://yashiro.itatti.harvard.edu/resource/yashiro/letter/Letter_071,19541201,letter_071,Yashiro (in Oiso) to Bernard Berenson,https://yashiro.itatti.harvard.edu/resource/yashiro/letter/Letter_071/exchange/sending,https://yashiro.itatti.harvard.edu/resource/yashiro/letter/Letter_071/exchange/sending/timespan/NR5MBKWS,1954-12-01,Yashiro
https://yashiro.itatti.harvard.edu/resource/yashiro/letter/Letter_072,19541203,letter_072,Bernard Berenson (in Settignano) to Yashiro,https://yashiro.itatti.harvard.edu/resource/yashiro/letter/Letter_072/exchange/sending,https://yashiro.itatti.harvard.edu/resource/yashiro/letter/Letter_072/exchange/sending/timespan/D739KWSP,1954-12-03,Bernard Berenson
https://yashiro.itatti.harvard.edu/resource/yashiro/letter/Letter_073,19550104,letter_073,Bernard Berenson (in Settignano) to Yashiro,https://yashiro.itatti.harvard.edu/resource/yashiro/letter/Letter_073/exchange/sending,https://yashiro.itatti.harvard.edu/resource/yashiro/letter/Letter_073/exchange/sending/timespan/WCW4JBND,1955-01-04,Bernard Berenson
https://yashiro.itatti.harvard.edu/resource/yashiro/letter/Letter_074,19550426,letter_074,Bernard Berenson (in Settignano) to Yashiro,https://yashiro.itatti.harvard.edu/resource/yashiro/letter/Letter_074/exchange/sending,https://yashiro.itatti.harvard.edu/resource/yashiro/letter/Letter_074/exchange/sending/timespan/7U96ZX3U,1955-04-26,Bernard Berenson
https://yashiro.itatti.harvard.edu/resource/yashiro/letter/Letter_075,19550505,letter_075,Yashiro (in Oiso) to Bernard Berenson,https://yashiro.itatti.harvard.edu/resource/yashiro/letter/Letter_075/exchange/sending,https://yashiro.itatti.harvard.edu/resource/yashiro/letter/Letter_075/exchange/sending/timespan/CCDFZCJZ,1955-05-05,Yashiro
https://yashiro.itatti.harvard.edu/resource/yashiro/letter/Letter_076,19550513,letter_076,Bernard Berenson (in Tripoli) to Yashiro,https://yashiro.itatti.harvard.edu/resource/yashiro/letter/Letter_076/exchange/sending,https://yashiro.itatti.harvard.edu/resource/yashiro/letter/Letter_076/exchange/sending/timespan/MFJKG63Z,1955-05-13,Bernard Berenson
https://yashiro.itatti.harvard.edu/resource/yashiro/letter/Letter_077,19550704,letter_077,Bernard Berenson (in Settignano) to Yashiro,https://yashiro.itatti.harvard.edu/resource/yashiro/letter/Letter_077/exchange/sending,https://yashiro.itatti.harvard.edu/resource/yashiro/letter/Letter_077/exchange/sending/timespan/2ZCHFZW8,1955-07-04,Bernard Berenson
https://yashiro.itatti.harvard.edu/resource/yashiro/letter/Letter_078,19550805,letter_078,Yashiro (in Oiso) to Bernard Berenson,https://yashiro.itatti.harvard.edu/resource/yashiro/letter/Letter_078/exchange/sending,https://yashiro.itatti.harvard.edu/resource/yashiro/letter/Letter_078/exchange/sending/timespan/UNE47RHB,1955-08-05,Yashiro
https://yashiro.itatti.harvard.edu/resource/yashiro/letter/Letter_079,19550811,letter_079,Yashiro (in Oiso) to Bernard Berenson,https://yashiro.itatti.harvard.edu/resource/yashiro/letter/Letter_079/exchange/sending,https://yashiro.itatti.harvard.edu/resource/yashiro/letter/Letter_079/exchange/sending/timespan/FFR9YR7L,1955-08-11,Yashiro
https://yashiro.itatti.harvard.edu/resource/yashiro/letter/Letter_080,19550815,letter_080,Bernard Berenson (in Vallombrosa) to Yashiro,https://yashiro.itatti.harvard.edu/resource/yashiro/letter/Letter_080/exchange/sending,https://yashiro.itatti.harvard.edu/resource/yashiro/letter/Letter_080/exchange/sending/timespan/QU2XPZ47,1955-08-15,Bernard Berenson
https://yashiro.itatti.harvard.edu/resource/yashiro/letter/Letter_081,19550910,letter_081,Bernard Berenson (in Vallombrosa) to Yashiro,https://yashiro.itatti.harvard.edu/resource/yashiro/letter/Letter_081/exchange/sending,https://yashiro.itatti.harvard.edu/resource/yashiro/letter/Letter_081/exchange/sending/timespan/WL5GG9RN,1955-09-10,Bernard Berenson
https://yashiro.itatti.harvard.edu/resource/yashiro/letter/Letter_082,19550917,letter_082,Yashiro (in Oiso) to Bernard Berenson,https://yashiro.itatti.harvard.edu/resource/yashiro/letter/Letter_082/exchange/sending,https://yashiro.itatti.harvard.edu/resource/yashiro/letter/Letter_082/exchange/sending/timespan/GYVPME3B,1955-09-17,Yashiro
https://yashiro.itatti.harvard.edu/resource/yashiro/letter/Letter_083,19551022,letter_083,Yashiro (in Oiso) to Bernard Berenson,https://yashiro.itatti.harvard.edu/resource/yashiro/letter/Letter_083/exchange/sending,https://yashiro.itatti.harvard.edu/resource/yashiro/letter/Letter_083/exchange/sending/timespan/TR2227H6,1955-10-22,Yashiro
https://yashiro.itatti.harvard.edu/resource/yashiro/letter/Letter_084,19551121,letter_084,Bernard Berenson (in Settignano) to Yashiro,https://yashiro.itatti.harvard.edu/resource/yashiro/letter/Letter_084/exchange/sending,https://yashiro.itatti.harvard.edu/resource/yashiro/letter/Letter_084/exchange/sending/timespan/76V8N7KZ,1955-11-21,Bernard Berenson
https://yashiro.itatti.harvard.edu/resource/yashiro/letter/Letter_085,19551127,letter_085,Yashiro (in Oiso) to Bernard Berenson,https://yashiro.itatti.harvard.edu/resource/yashiro/letter/Letter_085/exchange/sending,https://yashiro.itatti.harvard.edu/resource/yashiro/letter/Letter_085/exchange/sending/timespan/W49NHFRY,1955-11-27,Yashiro
https://yashiro.itatti.harvard.edu/resource/yashiro/letter/Letter_086,19551207,letter_086,Bernard Berenson (in Settignano) to Yashiro,https://yashiro.itatti.harvard.edu/resource/yashiro/letter/Letter_086/exchange/sending,https://yashiro.itatti.harvard.edu/resource/yashiro/letter/Letter_086/exchange/sending/timespan/54HPWFCU,1955-12-07,Bernard Berenson
https://yashiro.itatti.harvard.edu/resource/yashiro/letter/Letter_087,19551230,letter_087,Bernard Berenson (in Settignano) to Yashiro,https://yashiro.itatti.harvard.edu/resource/yashiro/letter/Letter_087/exchange/sending,https://yashiro.itatti.harvard.edu/resource/yashiro/letter/Letter_087/exchange/sending/timespan/RU77WJJL,1955-12-30,Bernard Berenson
https://yashiro.itatti.harvard.edu/resource/yashiro/letter/Letter_088,19560216,letter_088,Bernard Berenson (in Settignano) to Yashiro,https://yashiro.itatti.harvard.edu/resource/yashiro/letter/Letter_088/exchange/sending,https://yashiro.itatti.harvard.edu/resource/yashiro/letter/Letter_088/exchange/sending/timespan/8UHC7EGZ,1956-02-16,Bernard Berenson
https://yashiro.itatti.harvard.edu/resource/yashiro/letter/Letter_089,19560225,letter_089,Yashiro (in Oiso) to Bernard Berenson,https://yashiro.itatti.harvard.edu/resource/yashiro/letter/Letter_089/exchange/sending,https://yashiro.itatti.harvard.edu/resource/yashiro/letter/Letter_089/exchange/sending/timespan/JSVDMEHH,1956-02-25,Yashiro
https://yashiro.itatti.harvard.edu/resource/yashiro/letter/Letter_090,19560726,letter_090,Yashiro (in ZÃ¼rich) to Bernard Berenson,https://yashiro.itatti.harvard.edu/resource/yashiro/letter/Letter_090/exchange/sending,https://yashiro.itatti.harvard.edu/resource/yashiro/letter/Letter_090/exchange/sending/timespan/D5WBGFPX,1956-07-26,Yashiro
https://yashiro.itatti.harvard.edu/resource/yashiro/letter/Letter_091,19560729,letter_091,Bernard Berenson (in Vallombrosa) to Yashiro,https://yashiro.itatti.harvard.edu/resource/yashiro/letter/Letter_091/exchange/sending,https://yashiro.itatti.harvard.edu/resource/yashiro/letter/Letter_091/exchange/sending/timespan/9PSXCZND,1956-07-29,Bernard Berenson
https://yashiro.itatti.harvard.edu/resource/yashiro/letter/Letter_092,19560801,letter_092,Yashiro (in Rome) to Bernard Berenson,https://yashiro.itatti.harvard.edu/resource/yashiro/letter/Letter_092/exchange/sending,https://yashiro.itatti.harvard.edu/resource/yashiro/letter/Letter_092/exchange/sending/timespan/NNHKSNZB,1956-08-01,Yashiro
https://yashiro.itatti.harvard.edu/resource/yashiro/letter/Letter_093,19560822,letter_093,Yashiro (in Oiso) to Bernard Berenson,https://yashiro.itatti.harvard.edu/resource/yashiro/letter/Letter_093/exchange/sending,https://yashiro.itatti.harvard.edu/resource/yashiro/letter/Letter_093/exchange/sending/timespan/PFHPYMET,1956-08-22,Yashiro
https://yashiro.itatti.harvard.edu/resource/yashiro/letter/Letter_094,19560905,letter_094,Bernard Berenson (in Vallombrosa) to Yashiro,https://yashiro.itatti.harvard.edu/resource/yashiro/letter/Letter_094/exchange/sending,https://yashiro.itatti.harvard.edu/resource/yashiro/letter/Letter_094/exchange/sending/timespan/FAENT52H,1956-09-05,Bernard Berenson
https://yashiro.itatti.harvard.edu/resource/yashiro/letter/Letter_095,19561031,letter_095,Yashiro (in Oiso) to Bernard Berenson,https://yashiro.itatti.harvard.edu/resource/yashiro/letter/Letter_095/exchange/sending,https://yashiro.itatti.harvard.edu/resource/yashiro/letter/Letter_095/exchange/sending/timespan/Q8PQ3CHJ,1956-10-31,Yashiro
https://yashiro.itatti.harvard.edu/resource/yashiro/letter/Letter_096,19561107,letter_096,Bernard Berenson (in Settignano) to Yashiro,https://yashiro.itatti.harvard.edu/resource/yashiro/letter/Letter_096/exchange/sending,https://yashiro.itatti.harvard.edu/resource/yashiro/letter/Letter_096/exchange/sending/timespan/88HS9SQB,1956-11-07,Bernard Berenson
https://yashiro.itatti.harvard.edu/resource/yashiro/letter/Letter_097,19561130,letter_097,Nicky Mariano (in Settignano) to Yashiro,https://yashiro.itatti.harvard.edu/resource/yashiro/letter/Letter_097/exchange/sending,https://yashiro.itatti.harvard.edu/resource/yashiro/letter/Letter_097/exchange/sending/timespan/CBN3P66P,1956-11-30,Nicky Mariano
https://yashiro.itatti.harvard.edu/resource/yashiro/letter/Letter_098,19570303,letter_098,Yashiro (in Oiso) to Bernard Berenson,https://yashiro.itatti.harvard.edu/resource/yashiro/letter/Letter_098/exchange/sending,https://yashiro.itatti.harvard.edu/resource/yashiro/letter/Letter_098/exchange/sending/timespan/S8KS76N3,1957-03-03,Yashiro
https://yashiro.itatti.harvard.edu/resource/yashiro/letter/Letter_099,19570307,letter_099,Bernard Berenson (in Settignano) to Yashiro,https://yashiro.itatti.harvard.edu/resource/yashiro/letter/Letter_099/exchange/sending,https://yashiro.itatti.harvard.edu/resource/yashiro/letter/Letter_099/exchange/sending/timespan/FTPX48FW,1957-03-07,Bernard Berenson
https://yashiro.itatti.harvard.edu/resource/yashiro/letter/Letter_100,19570329,letter_100,Yashiro (in Oiso) to Bernard Berenson,https://yashiro.itatti.harvard.edu/resource/yashiro/letter/Letter_100/exchange/sending,https://yashiro.itatti.harvard.edu/resource/yashiro/letter/Letter_100/exchange/sending/timespan/25S75E5H,1957-03-29,Yashiro
https://yashiro.itatti.harvard.edu/resource/yashiro/letter/Letter_101,19570406,letter_101,Bernard Berenson (in Settignano) to Yashiro,https://yashiro.itatti.harvard.edu/resource/yashiro/letter/Letter_101/exchange/sending,https://yashiro.itatti.harvard.edu/resource/yashiro/letter/Letter_101/exchange/sending/timespan/2NVTPD9M,1957-04-06,Bernard Berenson
https://yashiro.itatti.harvard.edu/resource/yashiro/letter/Letter_102,19570627,letter_102,Yashiro (in Oiso) to Bernard Berenson,https://yashiro.itatti.harvard.edu/resource/yashiro/letter/Letter_102/exchange/sending,https://yashiro.itatti.harvard.edu/resource/yashiro/letter/Letter_102/exchange/sending/timespan/TUSB2LXQ,1957-06-27,Yashiro
https://yashiro.itatti.harvard.edu/resource/yashiro/letter/Letter_103,19570703,letter_103,Bernard Berenson (in Settignano) to Yashiro,https://yashiro.itatti.harvard.edu/resource/yashiro/letter/Letter_103/exchange/sending,https://yashiro.itatti.harvard.edu/resource/yashiro/letter/Letter_103/exchange/sending/timespan/84565HSR,1957-07-03,Bernard Berenson
https://yashiro.itatti.harvard.edu/resource/yashiro/letter/Letter_104,19570819,letter_104,Bernard Berenson (in Vallombrosa) to Yashiro,https://yashiro.itatti.harvard.edu/resource/yashiro/letter/Letter_104/exchange/sending,https://yashiro.itatti.harvard.edu/resource/yashiro/letter/Letter_104/exchange/sending/timespan/G8VB6DC9,1957-08-19,Bernard Berenson
https://yashiro.itatti.harvard.edu/resource/yashiro/letter/Letter_105,19570913,letter_105, Yashiro (in Tokyo) to Bernard Berenson,https://yashiro.itatti.harvard.edu/resource/yashiro/letter/Letter_105/exchange/sending,https://yashiro.itatti.harvard.edu/resource/yashiro/letter/Letter_105/exchange/sending/timespan/MUFNLT87,1957-09-13,Yashiro
https://yashiro.itatti.harvard.edu/resource/yashiro/letter/Letter_106,19571002,letter_106,Bernard Berenson (in Settignano) to Yashiro,https://yashiro.itatti.harvard.edu/resource/yashiro/letter/Letter_106/exchange/sending,https://yashiro.itatti.harvard.edu/resource/yashiro/letter/Letter_106/exchange/sending/timespan/S4569GPV,1957-10-02,Bernard Berenson
https://yashiro.itatti.harvard.edu/resource/yashiro/letter/Letter_107,19571208,letter_107,Yashiro (in Oiso) to Bernard Berenson,https://yashiro.itatti.harvard.edu/resource/yashiro/letter/Letter_107/exchange/sending,https://yashiro.itatti.harvard.edu/resource/yashiro/letter/Letter_107/exchange/sending/timespan/RBZBP4W9,1957-12-08,Yashiro
https://yashiro.itatti.harvard.edu/resource/yashiro/letter/Letter_108,19571214,letter_108,Bernard Berenson (in Settignano) to Yashiro,https://yashiro.itatti.harvard.edu/resource/yashiro/letter/Letter_108/exchange/sending,https://yashiro.itatti.harvard.edu/resource/yashiro/letter/Letter_108/exchange/sending/timespan/KTDLJE98,1957-12-14,Bernard Berenson
https://yashiro.itatti.harvard.edu/resource/yashiro/letter/Letter_109,19571228,letter_109,Bernard Berenson (in Settignano) to Yashiro,https://yashiro.itatti.harvard.edu/resource/yashiro/letter/Letter_109/exchange/sending,https://yashiro.itatti.harvard.edu/resource/yashiro/letter/Letter_109/exchange/sending/timespan/7P8MGY9E,1957-12-28,Bernard Berenson
https://yashiro.itatti.harvard.edu/resource/yashiro/letter/Letter_110,19580120,letter_110,Yashiro (in Oiso) to Bernard Berenson,https://yashiro.itatti.harvard.edu/resource/yashiro/letter/Letter_110/exchange/sending,https://yashiro.itatti.harvard.edu/resource/yashiro/letter/Letter_110/exchange/sending/timespan/4LRU8YVV,1958-01-20,Yashiro
https://yashiro.itatti.harvard.edu/resource/yashiro/letter/Letter_111,19590201,letter_111,Yashiro (in Oiso) to Bernard Berenson,https://yashiro.itatti.harvard.edu/resource/yashiro/letter/Letter_111/exchange/sending,https://yashiro.itatti.harvard.edu/resource/yashiro/letter/Letter_111/exchange/sending/timespan/RT32D88N,1959-02-01,Yashiro
https://yashiro.itatti.harvard.edu/resource/yashiro/letter/Letter_112,19590216,letter_112,Nicky Mariano (in Settignano) to Yashiro,https://yashiro.itatti.harvard.edu/resource/yashiro/letter/Letter_112/exchange/sending,https://yashiro.itatti.harvard.edu/resource/yashiro/letter/Letter_112/exchange/sending/timespan/GJ6ZW67T,1959-02-16,Nicky Mariano
https://yashiro.itatti.harvard.edu/resource/yashiro/letter/Letter_113,19590304,letter_113,Nicky Mariano (in Settignano) to Yashiro,https://yashiro.itatti.harvard.edu/resource/yashiro/letter/Letter_113/exchange/sending,https://yashiro.itatti.harvard.edu/resource/yashiro/letter/Letter_113/exchange/sending/timespan/FRVTNRRU,1959-03-04,Nicky Mariano
https://yashiro.itatti.harvard.edu/resource/yashiro/letter/Letter_114,19590524,letter_114,Yashiro (in Oiso) to Bernard Berenson,https://yashiro.itatti.harvard.edu/resource/yashiro/letter/Letter_114/exchange/sending,https://yashiro.itatti.harvard.edu/resource/yashiro/letter/Letter_114/exchange/sending/timespan/89HRGA2V,1959-05-24,Yashiro
https://yashiro.itatti.harvard.edu/resource/yashiro/letter/Letter_115,19591018,letter_115,"Elizabeth Berenson (in Settignano) to Yashiro (in Palo Alto, California)",https://yashiro.itatti.harvard.edu/resource/yashiro/letter/Letter_115/exchange/sending,https://yashiro.itatti.harvard.edu/resource/yashiro/letter/Letter_115/exchange/sending/timespan/U3D6HY8B,1959-10-18,Elizabeth Berenson