filename,Date,datetext,sequence_num,Letter Number,Letter corrected,IIIF_image,IIIF_manifest,resource
19330804_1.jpg,19330804,19330804,1,letter_019,Letter_019,https://iiif.itatti.harvard.edu/iiif/2/yashiro!to_yashiro!19330804_1.jpg/full/full/0/default.jpg,https://iiif.itatti.harvard.edu/iiif/2/yashiro!to_yashiro!19330804_1.jpg/info.json,https://yashiro.itatti.harvard.edu/resource/letter/Letter_019
19330804_2.jpg,19330804,19330804,2,letter_019,Letter_019,https://iiif.itatti.harvard.edu/iiif/2/yashiro!to_yashiro!19330804_2.jpg/full/full/0/default.jpg,https://iiif.itatti.harvard.edu/iiif/2/yashiro!to_yashiro!19330804_2.jpg/info.json,https://yashiro.itatti.harvard.edu/resource/letter/Letter_019
19330804_3.jpg,19330804,19330804,3,letter_019,Letter_019,https://iiif.itatti.harvard.edu/iiif/2/yashiro!to_yashiro!19330804_3.jpg/full/full/0/default.jpg,https://iiif.itatti.harvard.edu/iiif/2/yashiro!to_yashiro!19330804_3.jpg/info.json,https://yashiro.itatti.harvard.edu/resource/letter/Letter_019
19330804_4.jpg,19330804,19330804,4,letter_019,Letter_019,https://iiif.itatti.harvard.edu/iiif/2/yashiro!to_yashiro!19330804_4.jpg/full/full/0/default.jpg,https://iiif.itatti.harvard.edu/iiif/2/yashiro!to_yashiro!19330804_4.jpg/info.json,https://yashiro.itatti.harvard.edu/resource/letter/Letter_019
19330804_5.jpg,19330804,19330804,5,letter_019,Letter_019,https://iiif.itatti.harvard.edu/iiif/2/yashiro!to_yashiro!19330804_5.jpg/full/full/0/default.jpg,https://iiif.itatti.harvard.edu/iiif/2/yashiro!to_yashiro!19330804_5.jpg/info.json,https://yashiro.itatti.harvard.edu/resource/letter/Letter_019
19330804_6.jpg,19330804,19330804,6,letter_019,Letter_019,https://iiif.itatti.harvard.edu/iiif/2/yashiro!to_yashiro!19330804_6.jpg/full/full/0/default.jpg,https://iiif.itatti.harvard.edu/iiif/2/yashiro!to_yashiro!19330804_6.jpg/info.json,https://yashiro.itatti.harvard.edu/resource/letter/Letter_019
19330804_7.jpg,19330804,19330804,7,letter_019,Letter_019,https://iiif.itatti.harvard.edu/iiif/2/yashiro!to_yashiro!19330804_7.jpg/full/full/0/default.jpg,https://iiif.itatti.harvard.edu/iiif/2/yashiro!to_yashiro!19330804_7.jpg/info.json,https://yashiro.itatti.harvard.edu/resource/letter/Letter_019
19331010_1.jpg,19331010,19331010,1,letter_021,Letter_021,https://iiif.itatti.harvard.edu/iiif/2/yashiro!to_yashiro!19331010_1.jpg/full/full/0/default.jpg,https://iiif.itatti.harvard.edu/iiif/2/yashiro!to_yashiro!19331010_1.jpg/info.json,https://yashiro.itatti.harvard.edu/resource/letter/Letter_021
19331010_2.jpg,19331010,19331010,2,letter_021,Letter_021,https://iiif.itatti.harvard.edu/iiif/2/yashiro!to_yashiro!19331010_2.jpg/full/full/0/default.jpg,https://iiif.itatti.harvard.edu/iiif/2/yashiro!to_yashiro!19331010_2.jpg/info.json,https://yashiro.itatti.harvard.edu/resource/letter/Letter_021
19331010_3.jpg,19331010,19331010,3,letter_021,Letter_021,https://iiif.itatti.harvard.edu/iiif/2/yashiro!to_yashiro!19331010_3.jpg/full/full/0/default.jpg,https://iiif.itatti.harvard.edu/iiif/2/yashiro!to_yashiro!19331010_3.jpg/info.json,https://yashiro.itatti.harvard.edu/resource/letter/Letter_021
19331229_1.jpg,19331229,19331229,1,letter_022,Letter_022,https://iiif.itatti.harvard.edu/iiif/2/yashiro!to_yashiro!19331229_1.jpg/full/full/0/default.jpg,https://iiif.itatti.harvard.edu/iiif/2/yashiro!to_yashiro!19331229_1.jpg/info.json,https://yashiro.itatti.harvard.edu/resource/letter/Letter_022
19331229_2.jpg,19331229,19331229,2,letter_022,Letter_022,https://iiif.itatti.harvard.edu/iiif/2/yashiro!to_yashiro!19331229_2.jpg/full/full/0/default.jpg,https://iiif.itatti.harvard.edu/iiif/2/yashiro!to_yashiro!19331229_2.jpg/info.json,https://yashiro.itatti.harvard.edu/resource/letter/Letter_022
19331229_3.jpg,19331229,19331229,3,letter_022,Letter_022,https://iiif.itatti.harvard.edu/iiif/2/yashiro!to_yashiro!19331229_3.jpg/full/full/0/default.jpg,https://iiif.itatti.harvard.edu/iiif/2/yashiro!to_yashiro!19331229_3.jpg/info.json,https://yashiro.itatti.harvard.edu/resource/letter/Letter_022
19331229_4.jpg,19331229,19331229,4,letter_022,Letter_022,https://iiif.itatti.harvard.edu/iiif/2/yashiro!to_yashiro!19331229_4.jpg/full/full/0/default.jpg,https://iiif.itatti.harvard.edu/iiif/2/yashiro!to_yashiro!19331229_4.jpg/info.json,https://yashiro.itatti.harvard.edu/resource/letter/Letter_022
19360131_1.jpg,19360131,19360131,1,letter_025,Letter_025,https://iiif.itatti.harvard.edu/iiif/2/yashiro!to_yashiro!19360131_1.jpg/full/full/0/default.jpg,https://iiif.itatti.harvard.edu/iiif/2/yashiro!to_yashiro!19360131_1.jpg/info.json,https://yashiro.itatti.harvard.edu/resource/letter/Letter_025
19360131_2.jpg,19360131,19360131,2,letter_025,Letter_025,https://iiif.itatti.harvard.edu/iiif/2/yashiro!to_yashiro!19360131_2.jpg/full/full/0/default.jpg,https://iiif.itatti.harvard.edu/iiif/2/yashiro!to_yashiro!19360131_2.jpg/info.json,https://yashiro.itatti.harvard.edu/resource/letter/Letter_025
19360131_3.jpg,19360131,19360131,3,letter_025,Letter_025,https://iiif.itatti.harvard.edu/iiif/2/yashiro!to_yashiro!19360131_3.jpg/full/full/0/default.jpg,https://iiif.itatti.harvard.edu/iiif/2/yashiro!to_yashiro!19360131_3.jpg/info.json,https://yashiro.itatti.harvard.edu/resource/letter/Letter_025
19360131_4.jpg,19360131,19360131,4,letter_025,Letter_025,https://iiif.itatti.harvard.edu/iiif/2/yashiro!to_yashiro!19360131_4.jpg/full/full/0/default.jpg,https://iiif.itatti.harvard.edu/iiif/2/yashiro!to_yashiro!19360131_4.jpg/info.json,https://yashiro.itatti.harvard.edu/resource/letter/Letter_025
19360131_5.jpg,19360131,19360131,5,letter_025,Letter_025,https://iiif.itatti.harvard.edu/iiif/2/yashiro!to_yashiro!19360131_5.jpg/full/full/0/default.jpg,https://iiif.itatti.harvard.edu/iiif/2/yashiro!to_yashiro!19360131_5.jpg/info.json,https://yashiro.itatti.harvard.edu/resource/letter/Letter_025
19360131_6.jpg,19360131,19360131,6,letter_025,Letter_025,https://iiif.itatti.harvard.edu/iiif/2/yashiro!to_yashiro!19360131_6.jpg/full/full/0/default.jpg,https://iiif.itatti.harvard.edu/iiif/2/yashiro!to_yashiro!19360131_6.jpg/info.json,https://yashiro.itatti.harvard.edu/resource/letter/Letter_025
19370901_1.jpg,19370901,19370901,1,letter_027,Letter_027,https://iiif.itatti.harvard.edu/iiif/2/yashiro!to_yashiro!19370901_1.jpg/full/full/0/default.jpg,https://iiif.itatti.harvard.edu/iiif/2/yashiro!to_yashiro!19370901_1.jpg/info.json,https://yashiro.itatti.harvard.edu/resource/letter/Letter_027
19370901_2.jpg,19370901,19370901,2,letter_027,Letter_027,https://iiif.itatti.harvard.edu/iiif/2/yashiro!to_yashiro!19370901_2.jpg/full/full/0/default.jpg,https://iiif.itatti.harvard.edu/iiif/2/yashiro!to_yashiro!19370901_2.jpg/info.json,https://yashiro.itatti.harvard.edu/resource/letter/Letter_027
19370901_3.jpg,19370901,19370901,3,letter_027,Letter_027,https://iiif.itatti.harvard.edu/iiif/2/yashiro!to_yashiro!19370901_3.jpg/full/full/0/default.jpg,https://iiif.itatti.harvard.edu/iiif/2/yashiro!to_yashiro!19370901_3.jpg/info.json,https://yashiro.itatti.harvard.edu/resource/letter/Letter_027
19370901_4.jpg,19370901,19370901,4,letter_027,Letter_027,https://iiif.itatti.harvard.edu/iiif/2/yashiro!to_yashiro!19370901_4.jpg/full/full/0/default.jpg,https://iiif.itatti.harvard.edu/iiif/2/yashiro!to_yashiro!19370901_4.jpg/info.json,https://yashiro.itatti.harvard.edu/resource/letter/Letter_027
19370901_5.jpg,19370901,19370901,5,letter_027,Letter_027,https://iiif.itatti.harvard.edu/iiif/2/yashiro!to_yashiro!19370901_5.jpg/full/full/0/default.jpg,https://iiif.itatti.harvard.edu/iiif/2/yashiro!to_yashiro!19370901_5.jpg/info.json,https://yashiro.itatti.harvard.edu/resource/letter/Letter_027
19400304_1.jpg,19400304,19400304,1,letter_031,Letter_031,https://iiif.itatti.harvard.edu/iiif/2/yashiro!to_yashiro!19400304_1.jpg/full/full/0/default.jpg,https://iiif.itatti.harvard.edu/iiif/2/yashiro!to_yashiro!19400304_1.jpg/info.json,https://yashiro.itatti.harvard.edu/resource/letter/Letter_031
19400304_2.jpg,19400304,19400304,2,letter_031,Letter_031,https://iiif.itatti.harvard.edu/iiif/2/yashiro!to_yashiro!19400304_2.jpg/full/full/0/default.jpg,https://iiif.itatti.harvard.edu/iiif/2/yashiro!to_yashiro!19400304_2.jpg/info.json,https://yashiro.itatti.harvard.edu/resource/letter/Letter_031
19400304_3.jpg,19400304,19400304,3,letter_031,Letter_031,https://iiif.itatti.harvard.edu/iiif/2/yashiro!to_yashiro!19400304_3.jpg/full/full/0/default.jpg,https://iiif.itatti.harvard.edu/iiif/2/yashiro!to_yashiro!19400304_3.jpg/info.json,https://yashiro.itatti.harvard.edu/resource/letter/Letter_031
19400304_4.jpg,19400304,19400304,4,letter_031,Letter_031,https://iiif.itatti.harvard.edu/iiif/2/yashiro!to_yashiro!19400304_4.jpg/full/full/0/default.jpg,https://iiif.itatti.harvard.edu/iiif/2/yashiro!to_yashiro!19400304_4.jpg/info.json,https://yashiro.itatti.harvard.edu/resource/letter/Letter_031
19400304_5.jpg,19400304,19400304,5,letter_031,Letter_031,https://iiif.itatti.harvard.edu/iiif/2/yashiro!to_yashiro!19400304_5.jpg/full/full/0/default.jpg,https://iiif.itatti.harvard.edu/iiif/2/yashiro!to_yashiro!19400304_5.jpg/info.json,https://yashiro.itatti.harvard.edu/resource/letter/Letter_031
19400304_6.jpg,19400304,19400304,6,letter_031,Letter_031,https://iiif.itatti.harvard.edu/iiif/2/yashiro!to_yashiro!19400304_6.jpg/full/full/0/default.jpg,https://iiif.itatti.harvard.edu/iiif/2/yashiro!to_yashiro!19400304_6.jpg/info.json,https://yashiro.itatti.harvard.edu/resource/letter/Letter_031
19400304_7.jpg,19400304,19400304,7,letter_031,Letter_031,https://iiif.itatti.harvard.edu/iiif/2/yashiro!to_yashiro!19400304_7.jpg/full/full/0/default.jpg,https://iiif.itatti.harvard.edu/iiif/2/yashiro!to_yashiro!19400304_7.jpg/info.json,https://yashiro.itatti.harvard.edu/resource/letter/Letter_031
19400304_8.jpg,19400304,19400304,8,letter_031,Letter_031,https://iiif.itatti.harvard.edu/iiif/2/yashiro!to_yashiro!19400304_8.jpg/full/full/0/default.jpg,https://iiif.itatti.harvard.edu/iiif/2/yashiro!to_yashiro!19400304_8.jpg/info.json,https://yashiro.itatti.harvard.edu/resource/letter/Letter_031
19400304_9.jpg,19400304,19400304,9,letter_031,Letter_031,https://iiif.itatti.harvard.edu/iiif/2/yashiro!to_yashiro!19400304_9.jpg/full/full/0/default.jpg,https://iiif.itatti.harvard.edu/iiif/2/yashiro!to_yashiro!19400304_9.jpg/info.json,https://yashiro.itatti.harvard.edu/resource/letter/Letter_031
19400423_1.jpg,19400423,19400423,1,letter_032,Letter_032,https://iiif.itatti.harvard.edu/iiif/2/yashiro!to_yashiro!19400423_1.jpg/full/full/0/default.jpg,https://iiif.itatti.harvard.edu/iiif/2/yashiro!to_yashiro!19400423_1.jpg/info.json,https://yashiro.itatti.harvard.edu/resource/letter/Letter_032
19400423_2.jpg,19400423,19400423,2,letter_032,Letter_032,https://iiif.itatti.harvard.edu/iiif/2/yashiro!to_yashiro!19400423_2.jpg/full/full/0/default.jpg,https://iiif.itatti.harvard.edu/iiif/2/yashiro!to_yashiro!19400423_2.jpg/info.json,https://yashiro.itatti.harvard.edu/resource/letter/Letter_032
19480711_1.jpg,19480711,19480711,1,letter_037,Letter_037,https://iiif.itatti.harvard.edu/iiif/2/yashiro!to_yashiro!19480711_1.jpg/full/full/0/default.jpg,https://iiif.itatti.harvard.edu/iiif/2/yashiro!to_yashiro!19480711_1.jpg/info.json,https://yashiro.itatti.harvard.edu/resource/letter/Letter_037
19480711_2.jpg,19480711,19480711,2,letter_037,Letter_037,https://iiif.itatti.harvard.edu/iiif/2/yashiro!to_yashiro!19480711_2.jpg/full/full/0/default.jpg,https://iiif.itatti.harvard.edu/iiif/2/yashiro!to_yashiro!19480711_2.jpg/info.json,https://yashiro.itatti.harvard.edu/resource/letter/Letter_037
19480815_1.jpg,19480815,19480815,1,letter_038,Letter_038,https://iiif.itatti.harvard.edu/iiif/2/yashiro!to_yashiro!19480815_1.jpg/full/full/0/default.jpg,https://iiif.itatti.harvard.edu/iiif/2/yashiro!to_yashiro!19480815_1.jpg/info.json,https://yashiro.itatti.harvard.edu/resource/letter/Letter_038
19480815_2.jpg,19480815,19480815,2,letter_038,Letter_038,https://iiif.itatti.harvard.edu/iiif/2/yashiro!to_yashiro!19480815_2.jpg/full/full/0/default.jpg,https://iiif.itatti.harvard.edu/iiif/2/yashiro!to_yashiro!19480815_2.jpg/info.json,https://yashiro.itatti.harvard.edu/resource/letter/Letter_038
19480815_3.jpg,19480815,19480815,3,letter_038,Letter_038,https://iiif.itatti.harvard.edu/iiif/2/yashiro!to_yashiro!19480815_3.jpg/full/full/0/default.jpg,https://iiif.itatti.harvard.edu/iiif/2/yashiro!to_yashiro!19480815_3.jpg/info.json,https://yashiro.itatti.harvard.edu/resource/letter/Letter_038
19480815_4.jpg,19480815,19480815,4,letter_038,Letter_038,https://iiif.itatti.harvard.edu/iiif/2/yashiro!to_yashiro!19480815_4.jpg/full/full/0/default.jpg,https://iiif.itatti.harvard.edu/iiif/2/yashiro!to_yashiro!19480815_4.jpg/info.json,https://yashiro.itatti.harvard.edu/resource/letter/Letter_038
19480815_5.jpg,19480815,19480815,5,letter_038,Letter_038,https://iiif.itatti.harvard.edu/iiif/2/yashiro!to_yashiro!19480815_5.jpg/full/full/0/default.jpg,https://iiif.itatti.harvard.edu/iiif/2/yashiro!to_yashiro!19480815_5.jpg/info.json,https://yashiro.itatti.harvard.edu/resource/letter/Letter_038
19480815_6.jpg,19480815,19480815,6,letter_038,Letter_038,https://iiif.itatti.harvard.edu/iiif/2/yashiro!to_yashiro!19480815_6.jpg/full/full/0/default.jpg,https://iiif.itatti.harvard.edu/iiif/2/yashiro!to_yashiro!19480815_6.jpg/info.json,https://yashiro.itatti.harvard.edu/resource/letter/Letter_038
19480815_7.jpg,19480815,19480815,7,letter_038,Letter_038,https://iiif.itatti.harvard.edu/iiif/2/yashiro!to_yashiro!19480815_7.jpg/full/full/0/default.jpg,https://iiif.itatti.harvard.edu/iiif/2/yashiro!to_yashiro!19480815_7.jpg/info.json,https://yashiro.itatti.harvard.edu/resource/letter/Letter_038
19480815_8.jpg,19480815,19480815,8,letter_038,Letter_038,https://iiif.itatti.harvard.edu/iiif/2/yashiro!to_yashiro!19480815_8.jpg/full/full/0/default.jpg,https://iiif.itatti.harvard.edu/iiif/2/yashiro!to_yashiro!19480815_8.jpg/info.json,https://yashiro.itatti.harvard.edu/resource/letter/Letter_038
19490501_1.jpg,19490501,19490501,1,letter_040,Letter_040,https://iiif.itatti.harvard.edu/iiif/2/yashiro!to_yashiro!19490501_1.jpg/full/full/0/default.jpg,https://iiif.itatti.harvard.edu/iiif/2/yashiro!to_yashiro!19490501_1.jpg/info.json,https://yashiro.itatti.harvard.edu/resource/letter/Letter_040
19490501_2.jpg,19490501,19490501,2,letter_040,Letter_040,https://iiif.itatti.harvard.edu/iiif/2/yashiro!to_yashiro!19490501_2.jpg/full/full/0/default.jpg,https://iiif.itatti.harvard.edu/iiif/2/yashiro!to_yashiro!19490501_2.jpg/info.json,https://yashiro.itatti.harvard.edu/resource/letter/Letter_040
19490501_3.jpg,19490501,19490501,3,letter_040,Letter_040,https://iiif.itatti.harvard.edu/iiif/2/yashiro!to_yashiro!19490501_3.jpg/full/full/0/default.jpg,https://iiif.itatti.harvard.edu/iiif/2/yashiro!to_yashiro!19490501_3.jpg/info.json,https://yashiro.itatti.harvard.edu/resource/letter/Letter_040
19490501_4.jpg,19490501,19490501,4,letter_040,Letter_040,https://iiif.itatti.harvard.edu/iiif/2/yashiro!to_yashiro!19490501_4.jpg/full/full/0/default.jpg,https://iiif.itatti.harvard.edu/iiif/2/yashiro!to_yashiro!19490501_4.jpg/info.json,https://yashiro.itatti.harvard.edu/resource/letter/Letter_040
19500928_1.jpg,19500928,19500928,1,letter_043,Letter_043,https://iiif.itatti.harvard.edu/iiif/2/yashiro!to_yashiro!19500928_1.jpg/full/full/0/default.jpg,https://iiif.itatti.harvard.edu/iiif/2/yashiro!to_yashiro!19500928_1.jpg/info.json,https://yashiro.itatti.harvard.edu/resource/letter/Letter_043
19500928_2.jpg,19500928,19500928,2,letter_043,Letter_043,https://iiif.itatti.harvard.edu/iiif/2/yashiro!to_yashiro!19500928_2.jpg/full/full/0/default.jpg,https://iiif.itatti.harvard.edu/iiif/2/yashiro!to_yashiro!19500928_2.jpg/info.json,https://yashiro.itatti.harvard.edu/resource/letter/Letter_043
19500928_3.jpg,19500928,19500928,3,letter_043,Letter_043,https://iiif.itatti.harvard.edu/iiif/2/yashiro!to_yashiro!19500928_3.jpg/full/full/0/default.jpg,https://iiif.itatti.harvard.edu/iiif/2/yashiro!to_yashiro!19500928_3.jpg/info.json,https://yashiro.itatti.harvard.edu/resource/letter/Letter_043
19500928_4.jpg,19500928,19500928,4,letter_043,Letter_043,https://iiif.itatti.harvard.edu/iiif/2/yashiro!to_yashiro!19500928_4.jpg/full/full/0/default.jpg,https://iiif.itatti.harvard.edu/iiif/2/yashiro!to_yashiro!19500928_4.jpg/info.json,https://yashiro.itatti.harvard.edu/resource/letter/Letter_043
19500928_5.jpg,19500928,19500928,5,letter_043,Letter_043,https://iiif.itatti.harvard.edu/iiif/2/yashiro!to_yashiro!19500928_5.jpg/full/full/0/default.jpg,https://iiif.itatti.harvard.edu/iiif/2/yashiro!to_yashiro!19500928_5.jpg/info.json,https://yashiro.itatti.harvard.edu/resource/letter/Letter_043
19500928_6.jpg,19500928,19500928,6,letter_043,Letter_043,https://iiif.itatti.harvard.edu/iiif/2/yashiro!to_yashiro!19500928_6.jpg/full/full/0/default.jpg,https://iiif.itatti.harvard.edu/iiif/2/yashiro!to_yashiro!19500928_6.jpg/info.json,https://yashiro.itatti.harvard.edu/resource/letter/Letter_043
19510615_1.jpg,19510615,19510615,1,letter_045,Letter_045,https://iiif.itatti.harvard.edu/iiif/2/yashiro!to_yashiro!19510615_1.jpg/full/full/0/default.jpg,https://iiif.itatti.harvard.edu/iiif/2/yashiro!to_yashiro!19510615_1.jpg/info.json,https://yashiro.itatti.harvard.edu/resource/letter/Letter_045
19510615_2.jpg,19510615,19510615,2,letter_045,Letter_045,https://iiif.itatti.harvard.edu/iiif/2/yashiro!to_yashiro!19510615_2.jpg/full/full/0/default.jpg,https://iiif.itatti.harvard.edu/iiif/2/yashiro!to_yashiro!19510615_2.jpg/info.json,https://yashiro.itatti.harvard.edu/resource/letter/Letter_045
19510615_3.jpg,19510615,19510615,3,letter_045,Letter_045,https://iiif.itatti.harvard.edu/iiif/2/yashiro!to_yashiro!19510615_3.jpg/full/full/0/default.jpg,https://iiif.itatti.harvard.edu/iiif/2/yashiro!to_yashiro!19510615_3.jpg/info.json,https://yashiro.itatti.harvard.edu/resource/letter/Letter_045
19510615_4.jpg,19510615,19510615,4,letter_045,Letter_045,https://iiif.itatti.harvard.edu/iiif/2/yashiro!to_yashiro!19510615_4.jpg/full/full/0/default.jpg,https://iiif.itatti.harvard.edu/iiif/2/yashiro!to_yashiro!19510615_4.jpg/info.json,https://yashiro.itatti.harvard.edu/resource/letter/Letter_045
19511007_1.jpg,19511007,19511007,1,letter_047,Letter_047,https://iiif.itatti.harvard.edu/iiif/2/yashiro!to_yashiro!19511007_1.jpg/full/full/0/default.jpg,https://iiif.itatti.harvard.edu/iiif/2/yashiro!to_yashiro!19511007_1.jpg/info.json,https://yashiro.itatti.harvard.edu/resource/letter/Letter_047
19511007_2.jpg,19511007,19511007,2,letter_047,Letter_047,https://iiif.itatti.harvard.edu/iiif/2/yashiro!to_yashiro!19511007_2.jpg/full/full/0/default.jpg,https://iiif.itatti.harvard.edu/iiif/2/yashiro!to_yashiro!19511007_2.jpg/info.json,https://yashiro.itatti.harvard.edu/resource/letter/Letter_047
19511007_3.jpg,19511007,19511007,3,letter_047,Letter_047,https://iiif.itatti.harvard.edu/iiif/2/yashiro!to_yashiro!19511007_3.jpg/full/full/0/default.jpg,https://iiif.itatti.harvard.edu/iiif/2/yashiro!to_yashiro!19511007_3.jpg/info.json,https://yashiro.itatti.harvard.edu/resource/letter/Letter_047
19511007_4.jpg,19511007,19511007,4,letter_047,Letter_047,https://iiif.itatti.harvard.edu/iiif/2/yashiro!to_yashiro!19511007_4.jpg/full/full/0/default.jpg,https://iiif.itatti.harvard.edu/iiif/2/yashiro!to_yashiro!19511007_4.jpg/info.json,https://yashiro.itatti.harvard.edu/resource/letter/Letter_047
19511118_1.jpg,19511118,19511118,1,letter_049,Letter_049,https://iiif.itatti.harvard.edu/iiif/2/yashiro!to_yashiro!19511118_1.jpg/full/full/0/default.jpg,https://iiif.itatti.harvard.edu/iiif/2/yashiro!to_yashiro!19511118_1.jpg/info.json,https://yashiro.itatti.harvard.edu/resource/letter/Letter_049
19511118_2.jpg,19511118,19511118,2,letter_049,Letter_049,https://iiif.itatti.harvard.edu/iiif/2/yashiro!to_yashiro!19511118_2.jpg/full/full/0/default.jpg,https://iiif.itatti.harvard.edu/iiif/2/yashiro!to_yashiro!19511118_2.jpg/info.json,https://yashiro.itatti.harvard.edu/resource/letter/Letter_049
19511118_3.jpg,19511118,19511118,3,letter_049,Letter_049,https://iiif.itatti.harvard.edu/iiif/2/yashiro!to_yashiro!19511118_3.jpg/full/full/0/default.jpg,https://iiif.itatti.harvard.edu/iiif/2/yashiro!to_yashiro!19511118_3.jpg/info.json,https://yashiro.itatti.harvard.edu/resource/letter/Letter_049
19511118_4.jpg,19511118,19511118,4,letter_049,Letter_049,https://iiif.itatti.harvard.edu/iiif/2/yashiro!to_yashiro!19511118_4.jpg/full/full/0/default.jpg,https://iiif.itatti.harvard.edu/iiif/2/yashiro!to_yashiro!19511118_4.jpg/info.json,https://yashiro.itatti.harvard.edu/resource/letter/Letter_049
19521107_1.jpg,19521107,19521107,1,letter_055,Letter_055,https://iiif.itatti.harvard.edu/iiif/2/yashiro!to_yashiro!19521107_1.jpg/full/full/0/default.jpg,https://iiif.itatti.harvard.edu/iiif/2/yashiro!to_yashiro!19521107_1.jpg/info.json,https://yashiro.itatti.harvard.edu/resource/letter/Letter_055
19521107_2.jpg,19521107,19521107,2,letter_055,Letter_055,https://iiif.itatti.harvard.edu/iiif/2/yashiro!to_yashiro!19521107_2.jpg/full/full/0/default.jpg,https://iiif.itatti.harvard.edu/iiif/2/yashiro!to_yashiro!19521107_2.jpg/info.json,https://yashiro.itatti.harvard.edu/resource/letter/Letter_055
19521107_3.jpg,19521107,19521107,3,letter_055,Letter_055,https://iiif.itatti.harvard.edu/iiif/2/yashiro!to_yashiro!19521107_3.jpg/full/full/0/default.jpg,https://iiif.itatti.harvard.edu/iiif/2/yashiro!to_yashiro!19521107_3.jpg/info.json,https://yashiro.itatti.harvard.edu/resource/letter/Letter_055
19521107_4.jpg,19521107,19521107,4,letter_055,Letter_055,https://iiif.itatti.harvard.edu/iiif/2/yashiro!to_yashiro!19521107_4.jpg/full/full/0/default.jpg,https://iiif.itatti.harvard.edu/iiif/2/yashiro!to_yashiro!19521107_4.jpg/info.json,https://yashiro.itatti.harvard.edu/resource/letter/Letter_055
19521215_1.jpg,19521215,19521215,1,letter_058,Letter_058,https://iiif.itatti.harvard.edu/iiif/2/yashiro!to_yashiro!19521215_1.jpg/full/full/0/default.jpg,https://iiif.itatti.harvard.edu/iiif/2/yashiro!to_yashiro!19521215_1.jpg/info.json,https://yashiro.itatti.harvard.edu/resource/letter/Letter_058
19521215_2.jpg,19521215,19521215,2,letter_058,Letter_058,https://iiif.itatti.harvard.edu/iiif/2/yashiro!to_yashiro!19521215_2.jpg/full/full/0/default.jpg,https://iiif.itatti.harvard.edu/iiif/2/yashiro!to_yashiro!19521215_2.jpg/info.json,https://yashiro.itatti.harvard.edu/resource/letter/Letter_058
19521215_3.jpg,19521215,19521215,3,letter_058,Letter_058,https://iiif.itatti.harvard.edu/iiif/2/yashiro!to_yashiro!19521215_3.jpg/full/full/0/default.jpg,https://iiif.itatti.harvard.edu/iiif/2/yashiro!to_yashiro!19521215_3.jpg/info.json,https://yashiro.itatti.harvard.edu/resource/letter/Letter_058
19521215_4.jpg,19521215,19521215,4,letter_058,Letter_058,https://iiif.itatti.harvard.edu/iiif/2/yashiro!to_yashiro!19521215_4.jpg/full/full/0/default.jpg,https://iiif.itatti.harvard.edu/iiif/2/yashiro!to_yashiro!19521215_4.jpg/info.json,https://yashiro.itatti.harvard.edu/resource/letter/Letter_058
19521229_1.jpg,19521229,19521229,1,letter_059,Letter_059,https://iiif.itatti.harvard.edu/iiif/2/yashiro!to_yashiro!19521229_1.jpg/full/full/0/default.jpg,https://iiif.itatti.harvard.edu/iiif/2/yashiro!to_yashiro!19521229_1.jpg/info.json,https://yashiro.itatti.harvard.edu/resource/letter/Letter_059
19521229_2.jpg,19521229,19521229,2,letter_059,Letter_059,https://iiif.itatti.harvard.edu/iiif/2/yashiro!to_yashiro!19521229_2.jpg/full/full/0/default.jpg,https://iiif.itatti.harvard.edu/iiif/2/yashiro!to_yashiro!19521229_2.jpg/info.json,https://yashiro.itatti.harvard.edu/resource/letter/Letter_059
19521229_3.jpg,19521229,19521229,3,letter_059,Letter_059,https://iiif.itatti.harvard.edu/iiif/2/yashiro!to_yashiro!19521229_3.jpg/full/full/0/default.jpg,https://iiif.itatti.harvard.edu/iiif/2/yashiro!to_yashiro!19521229_3.jpg/info.json,https://yashiro.itatti.harvard.edu/resource/letter/Letter_059
19521229_4.jpg,19521229,19521229,4,letter_059,Letter_059,https://iiif.itatti.harvard.edu/iiif/2/yashiro!to_yashiro!19521229_4.jpg/full/full/0/default.jpg,https://iiif.itatti.harvard.edu/iiif/2/yashiro!to_yashiro!19521229_4.jpg/info.json,https://yashiro.itatti.harvard.edu/resource/letter/Letter_059
19530122_1.jpg,19530122,19530122,1,letter_060,Letter_060,https://iiif.itatti.harvard.edu/iiif/2/yashiro!to_yashiro!19530122_1.jpg/full/full/0/default.jpg,https://iiif.itatti.harvard.edu/iiif/2/yashiro!to_yashiro!19530122_1.jpg/info.json,https://yashiro.itatti.harvard.edu/resource/letter/Letter_060
19530122_2.jpg,19530122,19530122,2,letter_060,Letter_060,https://iiif.itatti.harvard.edu/iiif/2/yashiro!to_yashiro!19530122_2.jpg/full/full/0/default.jpg,https://iiif.itatti.harvard.edu/iiif/2/yashiro!to_yashiro!19530122_2.jpg/info.json,https://yashiro.itatti.harvard.edu/resource/letter/Letter_060
19530122_3.jpg,19530122,19530122,3,letter_060,Letter_060,https://iiif.itatti.harvard.edu/iiif/2/yashiro!to_yashiro!19530122_3.jpg/full/full/0/default.jpg,https://iiif.itatti.harvard.edu/iiif/2/yashiro!to_yashiro!19530122_3.jpg/info.json,https://yashiro.itatti.harvard.edu/resource/letter/Letter_060
19530122_4.jpg,19530122,19530122,4,letter_060,Letter_060,https://iiif.itatti.harvard.edu/iiif/2/yashiro!to_yashiro!19530122_4.jpg/full/full/0/default.jpg,https://iiif.itatti.harvard.edu/iiif/2/yashiro!to_yashiro!19530122_4.jpg/info.json,https://yashiro.itatti.harvard.edu/resource/letter/Letter_060
19530410_1.jpg,19530410,19530410,1,letter_062,Letter_062,https://iiif.itatti.harvard.edu/iiif/2/yashiro!to_yashiro!19530410_1.jpg/full/full/0/default.jpg,https://iiif.itatti.harvard.edu/iiif/2/yashiro!to_yashiro!19530410_1.jpg/info.json,https://yashiro.itatti.harvard.edu/resource/letter/Letter_062
19530410_2.jpg,19530410,19530410,2,letter_062,Letter_062,https://iiif.itatti.harvard.edu/iiif/2/yashiro!to_yashiro!19530410_2.jpg/full/full/0/default.jpg,https://iiif.itatti.harvard.edu/iiif/2/yashiro!to_yashiro!19530410_2.jpg/info.json,https://yashiro.itatti.harvard.edu/resource/letter/Letter_062
19530410_3.jpg,19530410,19530410,3,letter_062,Letter_062,https://iiif.itatti.harvard.edu/iiif/2/yashiro!to_yashiro!19530410_3.jpg/full/full/0/default.jpg,https://iiif.itatti.harvard.edu/iiif/2/yashiro!to_yashiro!19530410_3.jpg/info.json,https://yashiro.itatti.harvard.edu/resource/letter/Letter_062
19530410_4.jpg,19530410,19530410,4,letter_062,Letter_062,https://iiif.itatti.harvard.edu/iiif/2/yashiro!to_yashiro!19530410_4.jpg/full/full/0/default.jpg,https://iiif.itatti.harvard.edu/iiif/2/yashiro!to_yashiro!19530410_4.jpg/info.json,https://yashiro.itatti.harvard.edu/resource/letter/Letter_062
19530608_1.jpg,19530608,19530608,1,letter_064,Letter_064,https://iiif.itatti.harvard.edu/iiif/2/yashiro!to_yashiro!19530608_1.jpg/full/full/0/default.jpg,https://iiif.itatti.harvard.edu/iiif/2/yashiro!to_yashiro!19530608_1.jpg/info.json,https://yashiro.itatti.harvard.edu/resource/letter/Letter_064
19530608_2.jpg,19530608,19530608,2,letter_064,Letter_064,https://iiif.itatti.harvard.edu/iiif/2/yashiro!to_yashiro!19530608_2.jpg/full/full/0/default.jpg,https://iiif.itatti.harvard.edu/iiif/2/yashiro!to_yashiro!19530608_2.jpg/info.json,https://yashiro.itatti.harvard.edu/resource/letter/Letter_064
19530608_3.jpg,19530608,19530608,3,letter_064,Letter_064,https://iiif.itatti.harvard.edu/iiif/2/yashiro!to_yashiro!19530608_3.jpg/full/full/0/default.jpg,https://iiif.itatti.harvard.edu/iiif/2/yashiro!to_yashiro!19530608_3.jpg/info.json,https://yashiro.itatti.harvard.edu/resource/letter/Letter_064
19530608_4.jpg,19530608,19530608,4,letter_064,Letter_064,https://iiif.itatti.harvard.edu/iiif/2/yashiro!to_yashiro!19530608_4.jpg/full/full/0/default.jpg,https://iiif.itatti.harvard.edu/iiif/2/yashiro!to_yashiro!19530608_4.jpg/info.json,https://yashiro.itatti.harvard.edu/resource/letter/Letter_064
19531022_1.jpg,19531022,19531022,1,letter_066,Letter_066,https://iiif.itatti.harvard.edu/iiif/2/yashiro!to_yashiro!19531022_1.jpg/full/full/0/default.jpg,https://iiif.itatti.harvard.edu/iiif/2/yashiro!to_yashiro!19531022_1.jpg/info.json,https://yashiro.itatti.harvard.edu/resource/letter/Letter_066
19531022_2.jpg,19531022,19531022,2,letter_066,Letter_066,https://iiif.itatti.harvard.edu/iiif/2/yashiro!to_yashiro!19531022_2.jpg/full/full/0/default.jpg,https://iiif.itatti.harvard.edu/iiif/2/yashiro!to_yashiro!19531022_2.jpg/info.json,https://yashiro.itatti.harvard.edu/resource/letter/Letter_066
19531022_3.jpg,19531022,19531022,3,letter_066,Letter_066,https://iiif.itatti.harvard.edu/iiif/2/yashiro!to_yashiro!19531022_3.jpg/full/full/0/default.jpg,https://iiif.itatti.harvard.edu/iiif/2/yashiro!to_yashiro!19531022_3.jpg/info.json,https://yashiro.itatti.harvard.edu/resource/letter/Letter_066
19531022_4.jpg,19531022,19531022,4,letter_066,Letter_066,https://iiif.itatti.harvard.edu/iiif/2/yashiro!to_yashiro!19531022_4.jpg/full/full/0/default.jpg,https://iiif.itatti.harvard.edu/iiif/2/yashiro!to_yashiro!19531022_4.jpg/info.json,https://yashiro.itatti.harvard.edu/resource/letter/Letter_066
19540420_1.jpg,19540420,19540420,1,letter_069,Letter_069,https://iiif.itatti.harvard.edu/iiif/2/yashiro!to_yashiro!19540420_1.jpg/full/full/0/default.jpg,https://iiif.itatti.harvard.edu/iiif/2/yashiro!to_yashiro!19540420_1.jpg/info.json,https://yashiro.itatti.harvard.edu/resource/letter/Letter_069
19540420_2.jpg,19540420,19540420,2,letter_069,Letter_069,https://iiif.itatti.harvard.edu/iiif/2/yashiro!to_yashiro!19540420_2.jpg/full/full/0/default.jpg,https://iiif.itatti.harvard.edu/iiif/2/yashiro!to_yashiro!19540420_2.jpg/info.json,https://yashiro.itatti.harvard.edu/resource/letter/Letter_069
19540420_3.jpg,19540420,19540420,3,letter_069,Letter_069,https://iiif.itatti.harvard.edu/iiif/2/yashiro!to_yashiro!19540420_3.jpg/full/full/0/default.jpg,https://iiif.itatti.harvard.edu/iiif/2/yashiro!to_yashiro!19540420_3.jpg/info.json,https://yashiro.itatti.harvard.edu/resource/letter/Letter_069
19540420_4.jpg,19540420,19540420,4,letter_069,Letter_069,https://iiif.itatti.harvard.edu/iiif/2/yashiro!to_yashiro!19540420_4.jpg/full/full/0/default.jpg,https://iiif.itatti.harvard.edu/iiif/2/yashiro!to_yashiro!19540420_4.jpg/info.json,https://yashiro.itatti.harvard.edu/resource/letter/Letter_069
19541125_1.jpg,19541125,19541125,1,letter_070,Letter_070,https://iiif.itatti.harvard.edu/iiif/2/yashiro!to_yashiro!19541125_1.jpg/full/full/0/default.jpg,https://iiif.itatti.harvard.edu/iiif/2/yashiro!to_yashiro!19541125_1.jpg/info.json,https://yashiro.itatti.harvard.edu/resource/letter/Letter_070
19541125_2.jpg,19541125,19541125,2,letter_070,Letter_070,https://iiif.itatti.harvard.edu/iiif/2/yashiro!to_yashiro!19541125_2.jpg/full/full/0/default.jpg,https://iiif.itatti.harvard.edu/iiif/2/yashiro!to_yashiro!19541125_2.jpg/info.json,https://yashiro.itatti.harvard.edu/resource/letter/Letter_070
19541125_3.jpg,19541125,19541125,3,letter_070,Letter_070,https://iiif.itatti.harvard.edu/iiif/2/yashiro!to_yashiro!19541125_3.jpg/full/full/0/default.jpg,https://iiif.itatti.harvard.edu/iiif/2/yashiro!to_yashiro!19541125_3.jpg/info.json,https://yashiro.itatti.harvard.edu/resource/letter/Letter_070
19541125_4.jpg,19541125,19541125,4,letter_070,Letter_070,https://iiif.itatti.harvard.edu/iiif/2/yashiro!to_yashiro!19541125_4.jpg/full/full/0/default.jpg,https://iiif.itatti.harvard.edu/iiif/2/yashiro!to_yashiro!19541125_4.jpg/info.json,https://yashiro.itatti.harvard.edu/resource/letter/Letter_070
19550104_1.jpg,19550104,19550104,1,letter_073,Letter_073,https://iiif.itatti.harvard.edu/iiif/2/yashiro!to_yashiro!19550104_1.jpg/full/full/0/default.jpg,https://iiif.itatti.harvard.edu/iiif/2/yashiro!to_yashiro!19550104_1.jpg/info.json,https://yashiro.itatti.harvard.edu/resource/letter/Letter_073
19550104_2.jpg,19550104,19550104,2,letter_073,Letter_073,https://iiif.itatti.harvard.edu/iiif/2/yashiro!to_yashiro!19550104_2.jpg/full/full/0/default.jpg,https://iiif.itatti.harvard.edu/iiif/2/yashiro!to_yashiro!19550104_2.jpg/info.json,https://yashiro.itatti.harvard.edu/resource/letter/Letter_073
19550104_3.jpg,19550104,19550104,3,letter_073,Letter_073,https://iiif.itatti.harvard.edu/iiif/2/yashiro!to_yashiro!19550104_3.jpg/full/full/0/default.jpg,https://iiif.itatti.harvard.edu/iiif/2/yashiro!to_yashiro!19550104_3.jpg/info.json,https://yashiro.itatti.harvard.edu/resource/letter/Letter_073
19550104_4.jpg,19550104,19550104,4,letter_073,Letter_073,https://iiif.itatti.harvard.edu/iiif/2/yashiro!to_yashiro!19550104_4.jpg/full/full/0/default.jpg,https://iiif.itatti.harvard.edu/iiif/2/yashiro!to_yashiro!19550104_4.jpg/info.json,https://yashiro.itatti.harvard.edu/resource/letter/Letter_073
19550104_5.jpg,19550104,19550104,5,letter_073,Letter_073,https://iiif.itatti.harvard.edu/iiif/2/yashiro!to_yashiro!19550104_5.jpg/full/full/0/default.jpg,https://iiif.itatti.harvard.edu/iiif/2/yashiro!to_yashiro!19550104_5.jpg/info.json,https://yashiro.itatti.harvard.edu/resource/letter/Letter_073
19550426_1.jpg,19550426,19550426,1,letter_074,Letter_074,https://iiif.itatti.harvard.edu/iiif/2/yashiro!to_yashiro!19550426_1.jpg/full/full/0/default.jpg,https://iiif.itatti.harvard.edu/iiif/2/yashiro!to_yashiro!19550426_1.jpg/info.json,https://yashiro.itatti.harvard.edu/resource/letter/Letter_074
19550426_2.jpg,19550426,19550426,2,letter_074,Letter_074,https://iiif.itatti.harvard.edu/iiif/2/yashiro!to_yashiro!19550426_2.jpg/full/full/0/default.jpg,https://iiif.itatti.harvard.edu/iiif/2/yashiro!to_yashiro!19550426_2.jpg/info.json,https://yashiro.itatti.harvard.edu/resource/letter/Letter_074
19550426_3.jpg,19550426,19550426,3,letter_074,Letter_074,https://iiif.itatti.harvard.edu/iiif/2/yashiro!to_yashiro!19550426_3.jpg/full/full/0/default.jpg,https://iiif.itatti.harvard.edu/iiif/2/yashiro!to_yashiro!19550426_3.jpg/info.json,https://yashiro.itatti.harvard.edu/resource/letter/Letter_074
19550426_4.jpg,19550426,19550426,4,letter_074,Letter_074,https://iiif.itatti.harvard.edu/iiif/2/yashiro!to_yashiro!19550426_4.jpg/full/full/0/default.jpg,https://iiif.itatti.harvard.edu/iiif/2/yashiro!to_yashiro!19550426_4.jpg/info.json,https://yashiro.itatti.harvard.edu/resource/letter/Letter_074
19550513_1.jpg,19550513,19550513,1,letter_076,Letter_076,https://iiif.itatti.harvard.edu/iiif/2/yashiro!to_yashiro!19550513_1.jpg/full/full/0/default.jpg,https://iiif.itatti.harvard.edu/iiif/2/yashiro!to_yashiro!19550513_1.jpg/info.json,https://yashiro.itatti.harvard.edu/resource/letter/Letter_076
19550513_2.jpg,19550513,19550513,2,letter_076,Letter_076,https://iiif.itatti.harvard.edu/iiif/2/yashiro!to_yashiro!19550513_2.jpg/full/full/0/default.jpg,https://iiif.itatti.harvard.edu/iiif/2/yashiro!to_yashiro!19550513_2.jpg/info.json,https://yashiro.itatti.harvard.edu/resource/letter/Letter_076
19550513_3.jpg,19550513,19550513,3,letter_076,Letter_076,https://iiif.itatti.harvard.edu/iiif/2/yashiro!to_yashiro!19550513_3.jpg/full/full/0/default.jpg,https://iiif.itatti.harvard.edu/iiif/2/yashiro!to_yashiro!19550513_3.jpg/info.json,https://yashiro.itatti.harvard.edu/resource/letter/Letter_076
19550513_4.jpg,19550513,19550513,4,letter_076,Letter_076,https://iiif.itatti.harvard.edu/iiif/2/yashiro!to_yashiro!19550513_4.jpg/full/full/0/default.jpg,https://iiif.itatti.harvard.edu/iiif/2/yashiro!to_yashiro!19550513_4.jpg/info.json,https://yashiro.itatti.harvard.edu/resource/letter/Letter_076
19550704_1.jpg,19550704,19550704,1,letter_077,Letter_077,https://iiif.itatti.harvard.edu/iiif/2/yashiro!to_yashiro!19550704_1.jpg/full/full/0/default.jpg,https://iiif.itatti.harvard.edu/iiif/2/yashiro!to_yashiro!19550704_1.jpg/info.json,https://yashiro.itatti.harvard.edu/resource/letter/Letter_077
19550704_2.jpg,19550704,19550704,2,letter_077,Letter_077,https://iiif.itatti.harvard.edu/iiif/2/yashiro!to_yashiro!19550704_2.jpg/full/full/0/default.jpg,https://iiif.itatti.harvard.edu/iiif/2/yashiro!to_yashiro!19550704_2.jpg/info.json,https://yashiro.itatti.harvard.edu/resource/letter/Letter_077
19550704_3.jpg,19550704,19550704,3,letter_077,Letter_077,https://iiif.itatti.harvard.edu/iiif/2/yashiro!to_yashiro!19550704_3.jpg/full/full/0/default.jpg,https://iiif.itatti.harvard.edu/iiif/2/yashiro!to_yashiro!19550704_3.jpg/info.json,https://yashiro.itatti.harvard.edu/resource/letter/Letter_077
19550704_4.jpg,19550704,19550704,4,letter_077,Letter_077,https://iiif.itatti.harvard.edu/iiif/2/yashiro!to_yashiro!19550704_4.jpg/full/full/0/default.jpg,https://iiif.itatti.harvard.edu/iiif/2/yashiro!to_yashiro!19550704_4.jpg/info.json,https://yashiro.itatti.harvard.edu/resource/letter/Letter_077
19550815_1.jpg,19550815,19550815,1,letter_080,Letter_080,https://iiif.itatti.harvard.edu/iiif/2/yashiro!to_yashiro!19550815_1.jpg/full/full/0/default.jpg,https://iiif.itatti.harvard.edu/iiif/2/yashiro!to_yashiro!19550815_1.jpg/info.json,https://yashiro.itatti.harvard.edu/resource/letter/Letter_080
19550815_2.jpg,19550815,19550815,2,letter_080,Letter_080,https://iiif.itatti.harvard.edu/iiif/2/yashiro!to_yashiro!19550815_2.jpg/full/full/0/default.jpg,https://iiif.itatti.harvard.edu/iiif/2/yashiro!to_yashiro!19550815_2.jpg/info.json,https://yashiro.itatti.harvard.edu/resource/letter/Letter_080
19550815_3.jpg,19550815,19550815,3,letter_080,Letter_080,https://iiif.itatti.harvard.edu/iiif/2/yashiro!to_yashiro!19550815_3.jpg/full/full/0/default.jpg,https://iiif.itatti.harvard.edu/iiif/2/yashiro!to_yashiro!19550815_3.jpg/info.json,https://yashiro.itatti.harvard.edu/resource/letter/Letter_080
19550815_4.jpg,19550815,19550815,4,letter_080,Letter_080,https://iiif.itatti.harvard.edu/iiif/2/yashiro!to_yashiro!19550815_4.jpg/full/full/0/default.jpg,https://iiif.itatti.harvard.edu/iiif/2/yashiro!to_yashiro!19550815_4.jpg/info.json,https://yashiro.itatti.harvard.edu/resource/letter/Letter_080
19550910_1.jpg,19550910,19550910,1,letter_081,Letter_081,https://iiif.itatti.harvard.edu/iiif/2/yashiro!to_yashiro!19550910_1.jpg/full/full/0/default.jpg,https://iiif.itatti.harvard.edu/iiif/2/yashiro!to_yashiro!19550910_1.jpg/info.json,https://yashiro.itatti.harvard.edu/resource/letter/Letter_081
19550910_2.jpg,19550910,19550910,2,letter_081,Letter_081,https://iiif.itatti.harvard.edu/iiif/2/yashiro!to_yashiro!19550910_2.jpg/full/full/0/default.jpg,https://iiif.itatti.harvard.edu/iiif/2/yashiro!to_yashiro!19550910_2.jpg/info.json,https://yashiro.itatti.harvard.edu/resource/letter/Letter_081
19550910_3.jpg,19550910,19550910,3,letter_081,Letter_081,https://iiif.itatti.harvard.edu/iiif/2/yashiro!to_yashiro!19550910_3.jpg/full/full/0/default.jpg,https://iiif.itatti.harvard.edu/iiif/2/yashiro!to_yashiro!19550910_3.jpg/info.json,https://yashiro.itatti.harvard.edu/resource/letter/Letter_081
19550910_4.jpg,19550910,19550910,4,letter_081,Letter_081,https://iiif.itatti.harvard.edu/iiif/2/yashiro!to_yashiro!19550910_4.jpg/full/full/0/default.jpg,https://iiif.itatti.harvard.edu/iiif/2/yashiro!to_yashiro!19550910_4.jpg/info.json,https://yashiro.itatti.harvard.edu/resource/letter/Letter_081
19551121_1.jpg,19551121,19551121,1,letter_084,Letter_084,https://iiif.itatti.harvard.edu/iiif/2/yashiro!to_yashiro!19551121_1.jpg/full/full/0/default.jpg,https://iiif.itatti.harvard.edu/iiif/2/yashiro!to_yashiro!19551121_1.jpg/info.json,https://yashiro.itatti.harvard.edu/resource/letter/Letter_084
19551121_2.jpg,19551121,19551121,2,letter_084,Letter_084,https://iiif.itatti.harvard.edu/iiif/2/yashiro!to_yashiro!19551121_2.jpg/full/full/0/default.jpg,https://iiif.itatti.harvard.edu/iiif/2/yashiro!to_yashiro!19551121_2.jpg/info.json,https://yashiro.itatti.harvard.edu/resource/letter/Letter_084
19551121_3.jpg,19551121,19551121,3,letter_084,Letter_084,https://iiif.itatti.harvard.edu/iiif/2/yashiro!to_yashiro!19551121_3.jpg/full/full/0/default.jpg,https://iiif.itatti.harvard.edu/iiif/2/yashiro!to_yashiro!19551121_3.jpg/info.json,https://yashiro.itatti.harvard.edu/resource/letter/Letter_084
19551207_1.jpg,19551207,19551207,1,letter_086,Letter_086,https://iiif.itatti.harvard.edu/iiif/2/yashiro!to_yashiro!19551207_1.jpg/full/full/0/default.jpg,https://iiif.itatti.harvard.edu/iiif/2/yashiro!to_yashiro!19551207_1.jpg/info.json,https://yashiro.itatti.harvard.edu/resource/letter/Letter_086
19551207_2.jpg,19551207,19551207,2,letter_086,Letter_086,https://iiif.itatti.harvard.edu/iiif/2/yashiro!to_yashiro!19551207_2.jpg/full/full/0/default.jpg,https://iiif.itatti.harvard.edu/iiif/2/yashiro!to_yashiro!19551207_2.jpg/info.json,https://yashiro.itatti.harvard.edu/resource/letter/Letter_086
19551207_3.jpg,19551207,19551207,3,letter_086,Letter_086,https://iiif.itatti.harvard.edu/iiif/2/yashiro!to_yashiro!19551207_3.jpg/full/full/0/default.jpg,https://iiif.itatti.harvard.edu/iiif/2/yashiro!to_yashiro!19551207_3.jpg/info.json,https://yashiro.itatti.harvard.edu/resource/letter/Letter_086
19551207_4.jpg,19551207,19551207,4,letter_086,Letter_086,https://iiif.itatti.harvard.edu/iiif/2/yashiro!to_yashiro!19551207_4.jpg/full/full/0/default.jpg,https://iiif.itatti.harvard.edu/iiif/2/yashiro!to_yashiro!19551207_4.jpg/info.json,https://yashiro.itatti.harvard.edu/resource/letter/Letter_086
19551230_1.jpg,19551230,19551230,1,letter_087,Letter_087,https://iiif.itatti.harvard.edu/iiif/2/yashiro!to_yashiro!19551230_1.jpg/full/full/0/default.jpg,https://iiif.itatti.harvard.edu/iiif/2/yashiro!to_yashiro!19551230_1.jpg/info.json,https://yashiro.itatti.harvard.edu/resource/letter/Letter_087
19551230_2.jpg,19551230,19551230,2,letter_087,Letter_087,https://iiif.itatti.harvard.edu/iiif/2/yashiro!to_yashiro!19551230_2.jpg/full/full/0/default.jpg,https://iiif.itatti.harvard.edu/iiif/2/yashiro!to_yashiro!19551230_2.jpg/info.json,https://yashiro.itatti.harvard.edu/resource/letter/Letter_087
19551230_3.jpg,19551230,19551230,3,letter_087,Letter_087,https://iiif.itatti.harvard.edu/iiif/2/yashiro!to_yashiro!19551230_3.jpg/full/full/0/default.jpg,https://iiif.itatti.harvard.edu/iiif/2/yashiro!to_yashiro!19551230_3.jpg/info.json,https://yashiro.itatti.harvard.edu/resource/letter/Letter_087
19560216_1.jpg,19560216,19560216,1,letter_088,Letter_088,https://iiif.itatti.harvard.edu/iiif/2/yashiro!to_yashiro!19560216_1.jpg/full/full/0/default.jpg,https://iiif.itatti.harvard.edu/iiif/2/yashiro!to_yashiro!19560216_1.jpg/info.json,https://yashiro.itatti.harvard.edu/resource/letter/Letter_088
19560216_2.jpg,19560216,19560216,2,letter_088,Letter_088,https://iiif.itatti.harvard.edu/iiif/2/yashiro!to_yashiro!19560216_2.jpg/full/full/0/default.jpg,https://iiif.itatti.harvard.edu/iiif/2/yashiro!to_yashiro!19560216_2.jpg/info.json,https://yashiro.itatti.harvard.edu/resource/letter/Letter_088
19560216_3.jpg,19560216,19560216,3,letter_088,Letter_088,https://iiif.itatti.harvard.edu/iiif/2/yashiro!to_yashiro!19560216_3.jpg/full/full/0/default.jpg,https://iiif.itatti.harvard.edu/iiif/2/yashiro!to_yashiro!19560216_3.jpg/info.json,https://yashiro.itatti.harvard.edu/resource/letter/Letter_088
19560216_4.jpg,19560216,19560216,4,letter_088,Letter_088,https://iiif.itatti.harvard.edu/iiif/2/yashiro!to_yashiro!19560216_4.jpg/full/full/0/default.jpg,https://iiif.itatti.harvard.edu/iiif/2/yashiro!to_yashiro!19560216_4.jpg/info.json,https://yashiro.itatti.harvard.edu/resource/letter/Letter_088
19560729_1.jpg,19560729,19560729,1,letter_091,Letter_091,https://iiif.itatti.harvard.edu/iiif/2/yashiro!to_yashiro!19560729_1.jpg/full/full/0/default.jpg,https://iiif.itatti.harvard.edu/iiif/2/yashiro!to_yashiro!19560729_1.jpg/info.json,https://yashiro.itatti.harvard.edu/resource/letter/Letter_091
19560729_2.jpg,19560729,19560729,2,letter_091,Letter_091,https://iiif.itatti.harvard.edu/iiif/2/yashiro!to_yashiro!19560729_2.jpg/full/full/0/default.jpg,https://iiif.itatti.harvard.edu/iiif/2/yashiro!to_yashiro!19560729_2.jpg/info.json,https://yashiro.itatti.harvard.edu/resource/letter/Letter_091
19560729_3.jpg,19560729,19560729,3,letter_091,Letter_091,https://iiif.itatti.harvard.edu/iiif/2/yashiro!to_yashiro!19560729_3.jpg/full/full/0/default.jpg,https://iiif.itatti.harvard.edu/iiif/2/yashiro!to_yashiro!19560729_3.jpg/info.json,https://yashiro.itatti.harvard.edu/resource/letter/Letter_091
19560729_4.jpg,19560729,19560729,4,letter_091,Letter_091,https://iiif.itatti.harvard.edu/iiif/2/yashiro!to_yashiro!19560729_4.jpg/full/full/0/default.jpg,https://iiif.itatti.harvard.edu/iiif/2/yashiro!to_yashiro!19560729_4.jpg/info.json,https://yashiro.itatti.harvard.edu/resource/letter/Letter_091
19560905_1.jpg,19560905,19560905,1,letter_094,Letter_094,https://iiif.itatti.harvard.edu/iiif/2/yashiro!to_yashiro!19560905_1.jpg/full/full/0/default.jpg,https://iiif.itatti.harvard.edu/iiif/2/yashiro!to_yashiro!19560905_1.jpg/info.json,https://yashiro.itatti.harvard.edu/resource/letter/Letter_094
19560905_2.jpg,19560905,19560905,2,letter_094,Letter_094,https://iiif.itatti.harvard.edu/iiif/2/yashiro!to_yashiro!19560905_2.jpg/full/full/0/default.jpg,https://iiif.itatti.harvard.edu/iiif/2/yashiro!to_yashiro!19560905_2.jpg/info.json,https://yashiro.itatti.harvard.edu/resource/letter/Letter_094
19560905_3.jpg,19560905,19560905,3,letter_094,Letter_094,https://iiif.itatti.harvard.edu/iiif/2/yashiro!to_yashiro!19560905_3.jpg/full/full/0/default.jpg,https://iiif.itatti.harvard.edu/iiif/2/yashiro!to_yashiro!19560905_3.jpg/info.json,https://yashiro.itatti.harvard.edu/resource/letter/Letter_094
19560905_4.jpg,19560905,19560905,4,letter_094,Letter_094,https://iiif.itatti.harvard.edu/iiif/2/yashiro!to_yashiro!19560905_4.jpg/full/full/0/default.jpg,https://iiif.itatti.harvard.edu/iiif/2/yashiro!to_yashiro!19560905_4.jpg/info.json,https://yashiro.itatti.harvard.edu/resource/letter/Letter_094
19561107_1.jpg,19561107,19561107,1,letter_096,Letter_096,https://iiif.itatti.harvard.edu/iiif/2/yashiro!to_yashiro!19561107_1.jpg/full/full/0/default.jpg,https://iiif.itatti.harvard.edu/iiif/2/yashiro!to_yashiro!19561107_1.jpg/info.json,https://yashiro.itatti.harvard.edu/resource/letter/Letter_096
19561107_2.jpg,19561107,19561107,2,letter_096,Letter_096,https://iiif.itatti.harvard.edu/iiif/2/yashiro!to_yashiro!19561107_2.jpg/full/full/0/default.jpg,https://iiif.itatti.harvard.edu/iiif/2/yashiro!to_yashiro!19561107_2.jpg/info.json,https://yashiro.itatti.harvard.edu/resource/letter/Letter_096
19561107_3.jpg,19561107,19561107,3,letter_096,Letter_096,https://iiif.itatti.harvard.edu/iiif/2/yashiro!to_yashiro!19561107_3.jpg/full/full/0/default.jpg,https://iiif.itatti.harvard.edu/iiif/2/yashiro!to_yashiro!19561107_3.jpg/info.json,https://yashiro.itatti.harvard.edu/resource/letter/Letter_096
19570307_1.jpg,19570307,19570307,1,letter_099,Letter_099,https://iiif.itatti.harvard.edu/iiif/2/yashiro!to_yashiro!19570307_1.jpg/full/full/0/default.jpg,https://iiif.itatti.harvard.edu/iiif/2/yashiro!to_yashiro!19570307_1.jpg/info.json,https://yashiro.itatti.harvard.edu/resource/letter/Letter_099
19570307_2.jpg,19570307,19570307,2,letter_099,Letter_099,https://iiif.itatti.harvard.edu/iiif/2/yashiro!to_yashiro!19570307_2.jpg/full/full/0/default.jpg,https://iiif.itatti.harvard.edu/iiif/2/yashiro!to_yashiro!19570307_2.jpg/info.json,https://yashiro.itatti.harvard.edu/resource/letter/Letter_099
19570307_3.jpg,19570307,19570307,3,letter_099,Letter_099,https://iiif.itatti.harvard.edu/iiif/2/yashiro!to_yashiro!19570307_3.jpg/full/full/0/default.jpg,https://iiif.itatti.harvard.edu/iiif/2/yashiro!to_yashiro!19570307_3.jpg/info.json,https://yashiro.itatti.harvard.edu/resource/letter/Letter_099
19570406_1.jpg,19570406,19570406,1,letter_101,Letter_101,https://iiif.itatti.harvard.edu/iiif/2/yashiro!to_yashiro!19570406_1.jpg/full/full/0/default.jpg,https://iiif.itatti.harvard.edu/iiif/2/yashiro!to_yashiro!19570406_1.jpg/info.json,https://yashiro.itatti.harvard.edu/resource/letter/Letter_101
19570406_2.jpg,19570406,19570406,2,letter_101,Letter_101,https://iiif.itatti.harvard.edu/iiif/2/yashiro!to_yashiro!19570406_2.jpg/full/full/0/default.jpg,https://iiif.itatti.harvard.edu/iiif/2/yashiro!to_yashiro!19570406_2.jpg/info.json,https://yashiro.itatti.harvard.edu/resource/letter/Letter_101
19570406_3.jpg,19570406,19570406,3,letter_101,Letter_101,https://iiif.itatti.harvard.edu/iiif/2/yashiro!to_yashiro!19570406_3.jpg/full/full/0/default.jpg,https://iiif.itatti.harvard.edu/iiif/2/yashiro!to_yashiro!19570406_3.jpg/info.json,https://yashiro.itatti.harvard.edu/resource/letter/Letter_101
19570406_4.jpg,19570406,19570406,4,letter_101,Letter_101,https://iiif.itatti.harvard.edu/iiif/2/yashiro!to_yashiro!19570406_4.jpg/full/full/0/default.jpg,https://iiif.itatti.harvard.edu/iiif/2/yashiro!to_yashiro!19570406_4.jpg/info.json,https://yashiro.itatti.harvard.edu/resource/letter/Letter_101
19570703_1.jpg,19570703,19570703,1,letter_103,Letter_103,https://iiif.itatti.harvard.edu/iiif/2/yashiro!to_yashiro!19570703_1.jpg/full/full/0/default.jpg,https://iiif.itatti.harvard.edu/iiif/2/yashiro!to_yashiro!19570703_1.jpg/info.json,https://yashiro.itatti.harvard.edu/resource/letter/Letter_103
19570703_2.jpg,19570703,19570703,2,letter_103,Letter_103,https://iiif.itatti.harvard.edu/iiif/2/yashiro!to_yashiro!19570703_2.jpg/full/full/0/default.jpg,https://iiif.itatti.harvard.edu/iiif/2/yashiro!to_yashiro!19570703_2.jpg/info.json,https://yashiro.itatti.harvard.edu/resource/letter/Letter_103
19570703_3.jpg,19570703,19570703,3,letter_103,Letter_103,https://iiif.itatti.harvard.edu/iiif/2/yashiro!to_yashiro!19570703_3.jpg/full/full/0/default.jpg,https://iiif.itatti.harvard.edu/iiif/2/yashiro!to_yashiro!19570703_3.jpg/info.json,https://yashiro.itatti.harvard.edu/resource/letter/Letter_103
19570819_1.jpg,19570819,19570819,1,letter_104,Letter_104,https://iiif.itatti.harvard.edu/iiif/2/yashiro!to_yashiro!19570819_1.jpg/full/full/0/default.jpg,https://iiif.itatti.harvard.edu/iiif/2/yashiro!to_yashiro!19570819_1.jpg/info.json,https://yashiro.itatti.harvard.edu/resource/letter/Letter_104
19570819_2.jpg,19570819,19570819,2,letter_104,Letter_104,https://iiif.itatti.harvard.edu/iiif/2/yashiro!to_yashiro!19570819_2.jpg/full/full/0/default.jpg,https://iiif.itatti.harvard.edu/iiif/2/yashiro!to_yashiro!19570819_2.jpg/info.json,https://yashiro.itatti.harvard.edu/resource/letter/Letter_104
19570819_3.jpg,19570819,19570819,3,letter_104,Letter_104,https://iiif.itatti.harvard.edu/iiif/2/yashiro!to_yashiro!19570819_3.jpg/full/full/0/default.jpg,https://iiif.itatti.harvard.edu/iiif/2/yashiro!to_yashiro!19570819_3.jpg/info.json,https://yashiro.itatti.harvard.edu/resource/letter/Letter_104
19571002_1.jpg,19571002,19571002,1,letter_106,Letter_106,https://iiif.itatti.harvard.edu/iiif/2/yashiro!to_yashiro!19571002_1.jpg/full/full/0/default.jpg,https://iiif.itatti.harvard.edu/iiif/2/yashiro!to_yashiro!19571002_1.jpg/info.json,https://yashiro.itatti.harvard.edu/resource/letter/Letter_106
19571002_2.jpg,19571002,19571002,2,letter_106,Letter_106,https://iiif.itatti.harvard.edu/iiif/2/yashiro!to_yashiro!19571002_2.jpg/full/full/0/default.jpg,https://iiif.itatti.harvard.edu/iiif/2/yashiro!to_yashiro!19571002_2.jpg/info.json,https://yashiro.itatti.harvard.edu/resource/letter/Letter_106
19571002_3.jpg,19571002,19571002,3,letter_106,Letter_106,https://iiif.itatti.harvard.edu/iiif/2/yashiro!to_yashiro!19571002_3.jpg/full/full/0/default.jpg,https://iiif.itatti.harvard.edu/iiif/2/yashiro!to_yashiro!19571002_3.jpg/info.json,https://yashiro.itatti.harvard.edu/resource/letter/Letter_106
19571002_4.jpg,19571002,19571002,4,letter_106,Letter_106,https://iiif.itatti.harvard.edu/iiif/2/yashiro!to_yashiro!19571002_4.jpg/full/full/0/default.jpg,https://iiif.itatti.harvard.edu/iiif/2/yashiro!to_yashiro!19571002_4.jpg/info.json,https://yashiro.itatti.harvard.edu/resource/letter/Letter_106
19571214_1.jpg,19571214,19571214,1,letter_108,Letter_108,https://iiif.itatti.harvard.edu/iiif/2/yashiro!to_yashiro!19571214_1.jpg/full/full/0/default.jpg,https://iiif.itatti.harvard.edu/iiif/2/yashiro!to_yashiro!19571214_1.jpg/info.json,https://yashiro.itatti.harvard.edu/resource/letter/Letter_108
19571214_2.jpg,19571214,19571214,2,letter_108,Letter_108,https://iiif.itatti.harvard.edu/iiif/2/yashiro!to_yashiro!19571214_2.jpg/full/full/0/default.jpg,https://iiif.itatti.harvard.edu/iiif/2/yashiro!to_yashiro!19571214_2.jpg/info.json,https://yashiro.itatti.harvard.edu/resource/letter/Letter_108
19571214_3.jpg,19571214,19571214,3,letter_108,Letter_108,https://iiif.itatti.harvard.edu/iiif/2/yashiro!to_yashiro!19571214_3.jpg/full/full/0/default.jpg,https://iiif.itatti.harvard.edu/iiif/2/yashiro!to_yashiro!19571214_3.jpg/info.json,https://yashiro.itatti.harvard.edu/resource/letter/Letter_108
19591018_1.jpg,19591018,19591018,1,letter_115,Letter_115,https://iiif.itatti.harvard.edu/iiif/2/yashiro!to_yashiro!19591018_1.jpg/full/full/0/default.jpg,https://iiif.itatti.harvard.edu/iiif/2/yashiro!to_yashiro!19591018_1.jpg/info.json,https://yashiro.itatti.harvard.edu/resource/letter/Letter_115
19591018_2.jpg,19591018,19591018,2,letter_115,Letter_115,https://iiif.itatti.harvard.edu/iiif/2/yashiro!to_yashiro!19591018_2.jpg/full/full/0/default.jpg,https://iiif.itatti.harvard.edu/iiif/2/yashiro!to_yashiro!19591018_2.jpg/info.json,https://yashiro.itatti.harvard.edu/resource/letter/Letter_115
195512xx_1.jpg,195512xx,,1,#N/A,#N/A,https://iiif.itatti.harvard.edu/iiif/2/yashiro!to_yashiro!195512xx_1.jpg/full/full/0/default.jpg,https://iiif.itatti.harvard.edu/iiif/2/yashiro!to_yashiro!195512xx_1.jpg/info.json,#N/A
195512xx_2.jpg,195512xx,,2,#N/A,#N/A,https://iiif.itatti.harvard.edu/iiif/2/yashiro!to_yashiro!195512xx_2.jpg/full/full/0/default.jpg,https://iiif.itatti.harvard.edu/iiif/2/yashiro!to_yashiro!195512xx_2.jpg/info.json,#N/A
195512xx_3.jpg,195512xx,,3,#N/A,#N/A,https://iiif.itatti.harvard.edu/iiif/2/yashiro!to_yashiro!195512xx_3.jpg/full/full/0/default.jpg,https://iiif.itatti.harvard.edu/iiif/2/yashiro!to_yashiro!195512xx_3.jpg/info.json,#N/A